Date	Year	state_name	Num_Institutions	Total_Assets	Num_Offices	Depoits($000)	HHI
06-30-2000	2000	Alabama	180	335,729,691	1,429	52,709,817	866.4906
06-30-2000	2000	Alaska	9	84,238,451	134	4,644,026	2,750.8231
06-30-2000	2000	American Samoa	2	12,687,197	5	104,735	5,004.0505
06-30-2000	2000	Arizona	63	847,179,845	938	43,221,809	1,865.6371
06-30-2000	2000	Arkansas	212	771,736,004	1,247	32,744,451	311.1433
06-30-2000	2000	California	382	1,411,989,321	6,195	453,771,592	912.8507
06-30-2000	2000	Colorado	212	307,670,776	1,265	48,754,718	586.8466
06-30-2000	2000	Connecticut	83	981,921,410	1,183	58,338,888	963.7121
06-30-2000	2000	Delaware	45	421,773,031	242	61,571,711	1,745.3846
06-30-2000	2000	District Of Columbia	24	1,035,395,569	203	11,869,797	1,438.5002
06-30-2000	2000	Federated States Of Micronesia	3	13,369,797	9	124,535	3,428.1900
06-30-2000	2000	Florida	348	1,922,409,017	4,661	207,851,630	892.3972
06-30-2000	2000	Georgia	382	1,255,457,974	2,329	96,537,412	569.7696
06-30-2000	2000	Guam	9	438,184,794	39	1,332,839	1,724.5093
06-30-2000	2000	Hawaii	14	32,277,399	305	18,177,215	2,317.1045
06-30-2000	2000	Idaho	36	946,454,142	448	10,599,159	1,513.0523
06-30-2000	2000	Illinois	876	1,413,069,666	3,978	239,100,850	322.4925
06-30-2000	2000	Indiana	249	462,893,683	2,247	70,566,399	413.1197
06-30-2000	2000	Iowa	477	843,105,780	1,486	42,530,636	237.7672
06-30-2000	2000	Kansas	410	725,852,643	1,398	38,506,402	224.7003
06-30-2000	2000	Kentucky	303	1,002,986,673	1,617	48,344,923	284.3497
06-30-2000	2000	Louisiana	191	174,504,821	1,476	46,444,471	1,054.4642
06-30-2000	2000	Maine	45	92,810,632	512	13,558,927	866.0713
06-30-2000	2000	Marshall Islands	2	13,320,432	5	37,557	5,298.6613
06-30-2000	2000	Maryland	165	1,117,639,998	1,711	64,145,018	653.3151
06-30-2000	2000	Massachusetts	238	416,972,102	1,972	133,948,927	1,279.1533
06-30-2000	2000	Michigan	207	344,675,847	2,967	117,241,547	744.4451
06-30-2000	2000	Minnesota	532	280,924,898	1,577	70,649,162	878.9680
06-30-2000	2000	Mississippi	114	177,456,464	1,102	28,753,938	625.4828
06-30-2000	2000	Missouri	423	714,781,889	2,096	75,425,327	493.0201
06-30-2000	2000	Montana	92	15,144,728	344	9,328,630	586.6135
06-30-2000	2000	Nebraska	309	129,155,884	945	27,643,695	327.3425
06-30-2000	2000	Nevada	45	1,080,421,102	413	18,366,150	1,459.0263
06-30-2000	2000	New Hampshire	47	299,981,817	414	25,186,980	2,221.4784
06-30-2000	2000	New Jersey	177	1,160,270,950	3,010	156,340,498	577.2538
06-30-2000	2000	New Mexico	66	623,567,418	499	14,079,302	806.6194
06-30-2000	2000	New York	269	2,584,976,834	4,558	444,010,097	804.6129
06-30-2000	2000	North Carolina	130	1,047,756,671	2,448	112,941,343	1,285.0659
06-30-2000	2000	North Dakota	120	102,375,822	410	10,191,443	405.2422
06-30-2000	2000	Northern Mariana Islands	5	55,685,233	11	476,286	2,994.3953
06-30-2000	2000	Ohio	365	541,372,869	3,892	164,806,274	450.9394
06-30-2000	2000	Oklahoma	312	656,785,595	1,141	37,343,074	296.8775
06-30-2000	2000	Oregon	64	997,912,969	985	29,656,125	1,181.9693
06-30-2000	2000	Palau	3	13,414,354	3	105,292	5,403.6385
06-30-2000	2000	Pennsylvania	332	700,699,111	4,530	177,019,798	565.3834
06-30-2000	2000	Puerto Rico	14	436,122,306	526	30,346,887	1,612.7191
06-30-2000	2000	Rhode Island	16	219,658,124	220	14,467,132	2,556.7799
06-30-2000	2000	South Carolina	118	1,028,888,292	1,245	38,161,204	676.1892
06-30-2000	2000	South Dakota	109	123,721,048	427	12,929,887	526.4760
06-30-2000	2000	Tennessee	234	1,230,651,203	1,976	72,159,190	657.8039
06-30-2000	2000	Texas	804	1,208,034,561	4,801	217,427,276	425.8419
06-30-2000	2000	Utah	67	906,293,196	576	38,208,471	1,558.1562
06-30-2000	2000	Vermont	26	119,856,851	267	7,797,800	1,212.2349
06-30-2000	2000	Virgin Islands Of The U.S.	7	785,041,322	23	1,145,036	3,315.4045
06-30-2000	2000	Virginia	193	1,213,384,555	2,448	87,819,416	604.6269
06-30-2000	2000	Washington	126	994,353,134	1,691	60,233,875	1,012.5919
06-30-2000	2000	West Virginia	99	122,483,688	621	20,507,803	487.1479
06-30-2000	2000	Wisconsin	365	281,808,492	2,116	75,379,079	270.0279
06-30-2000	2000	Wyoming	56	104,986,722	176	8,057,618	1,183.5332
06-30-2001	2001	Alabama	178	347,439,795	1,427	53,865,939	821.2884
06-30-2001	2001	Alaska	9	78,152,734	134	4,861,941	2,800.1009
06-30-2001	2001	American Samoa	2	10,555,999	5	104,308	5,002.3806
06-30-2001	2001	Arizona	65	1,319,040,806	955	47,320,073	1,697.7463
06-30-2001	2001	Arkansas	201	853,776,559	1,252	34,536,068	286.5687
06-30-2001	2001	California	369	1,481,363,561	6,241	492,044,108	913.5316
06-30-2001	2001	Colorado	207	369,032,931	1,257	52,408,454	586.2720
06-30-2001	2001	Connecticut	82	1,244,620,255	1,157	60,386,766	961.5950
06-30-2001	2001	Delaware	44	210,537,603	243	75,697,003	1,794.9820
06-30-2001	2001	District Of Columbia	24	1,016,857,065	193	11,854,683	1,427.7761
06-30-2001	2001	Federated States Of Micronesia	3	11,216,850	9	122,995	3,466.3431
06-30-2001	2001	Florida	349	2,168,871,726	4,667	222,797,442	816.6786
06-30-2001	2001	Georgia	369	1,259,926,442	2,349	102,071,478	522.0771
06-30-2001	2001	Guam	9	508,257,200	38	1,295,232	1,730.9487
06-30-2001	2001	Hawaii	13	32,398,735	299	18,589,155	2,290.1416
06-30-2001	2001	Idaho	37	857,637,394	457	11,106,724	1,473.5604
06-30-2001	2001	Illinois	859	1,627,260,195	4,056	251,947,432	299.0973
06-30-2001	2001	Indiana	241	547,488,935	2,228	74,155,982	393.2859
06-30-2001	2001	Iowa	465	833,698,678	1,489	45,538,000	291.6646
06-30-2001	2001	Kansas	410	698,872,452	1,424	40,622,501	230.9529
06-30-2001	2001	Kentucky	280	1,078,652,141	1,664	52,518,759	317.4483
06-30-2001	2001	Louisiana	184	333,297,473	1,487	48,579,901	997.5830
06-30-2001	2001	Maine	42	275,817,884	518	14,350,363	842.4580
06-30-2001	2001	Marshall Islands	2	11,158,457	5	35,886	5,220.6136
06-30-2001	2001	Maryland	157	1,180,454,374	1,674	67,065,428	640.8850
06-30-2001	2001	Massachusetts	238	521,824,127	2,007	136,697,385	869.3598
06-30-2001	2001	Michigan	196	398,641,857	2,972	122,204,324	784.1893
06-30-2001	2001	Minnesota	526	449,288,548	1,638	75,705,625	1,164.1712
06-30-2001	2001	Mississippi	117	184,369,773	1,120	30,081,629	589.4524
06-30-2001	2001	Missouri	414	1,118,052,370	2,149	77,679,975	435.8043
06-30-2001	2001	Montana	88	80,006,756	351	10,058,020	576.4409
06-30-2001	2001	Nebraska	300	140,409,754	948	28,758,893	382.9199
06-30-2001	2001	Nevada	50	1,100,318,602	424	21,304,764	1,413.3802
06-30-2001	2001	New Hampshire	46	345,015,544	426	29,030,628	2,483.8242
06-30-2001	2001	New Jersey	180	1,517,712,914	3,020	167,712,156	729.9329
06-30-2001	2001	New Mexico	68	613,403,539	491	15,221,846	865.6691
06-30-2001	2001	New York	259	2,855,389,354	4,530	464,339,732	899.5343
06-30-2001	2001	North Carolina	141	1,089,601,137	2,456	137,245,119	1,437.3765
06-30-2001	2001	North Dakota	116	22,215,544	408	10,590,189	401.5962
06-30-2001	2001	Northern Mariana Islands	5	55,519,998	12	452,987	2,897.7306
06-30-2001	2001	Ohio	349	650,814,753	3,917	180,313,109	541.1936
06-30-2001	2001	Oklahoma	300	693,013,942	1,165	39,399,067	304.5563
06-30-2001	2001	Oregon	63	971,835,740	993	31,261,844	1,150.6955
06-30-2001	2001	Palau	3	11,247,118	3	123,530	5,143.3920
06-30-2001	2001	Pennsylvania	324	858,624,212	4,535	179,296,401	532.3900
06-30-2001	2001	Puerto Rico	15	511,886,821	534	33,455,126	1,574.4052
06-30-2001	2001	Rhode Island	18	246,216,660	222	14,556,228	2,453.8489
06-30-2001	2001	South Carolina	113	1,058,974,737	1,248	39,713,083	668.9541
06-30-2001	2001	South Dakota	103	61,311,127	431	15,549,932	784.2011
06-30-2001	2001	Tennessee	235	1,169,054,219	2,005	73,741,241	614.7323
06-30-2001	2001	Texas	766	1,933,419,255	4,865	243,390,382	482.4516
06-30-2001	2001	Utah	72	941,936,746	574	81,362,340	4,670.4901
06-30-2001	2001	Vermont	26	119,290,126	267	8,045,577	1,171.2836
06-30-2001	2001	Virgin Islands Of The U.S.	6	1,018,903,009	23	1,237,939	3,649.0214
06-30-2001	2001	Virginia	187	1,268,848,580	2,421	100,925,957	548.3554
06-30-2001	2001	Washington	117	974,400,986	1,729	65,539,001	961.6679
06-30-2001	2001	West Virginia	93	271,113,275	629	21,340,131	746.7242
06-30-2001	2001	Wisconsin	337	312,330,713	2,144	78,566,914	566.3821
06-30-2001	2001	Wyoming	53	13,246,644	184	7,429,306	847.5584
06-30-2002	2002	Alabama	177	440,678,836	1,422	55,492,761	782.9517
06-30-2002	2002	Alaska	9	82,629,122	129	5,038,649	2,695.1123
06-30-2002	2002	American Samoa	2	9,648,199	5	105,724	5,140.3325
06-30-2002	2002	Arizona	67	1,624,863,897	960	48,815,826	1,684.3907
06-30-2002	2002	Arkansas	188	888,082,949	1,265	35,729,503	277.6342
06-30-2002	2002	California	353	1,696,301,205	6,269	533,765,600	915.2221
06-30-2002	2002	Colorado	206	625,179,250	1,290	55,302,125	562.8345
06-30-2002	2002	Connecticut	78	1,349,285,350	1,160	64,139,904	938.9710
06-30-2002	2002	Delaware	44	830,412,636	241	85,311,697	1,542.6412
06-30-2002	2002	District Of Columbia	24	1,132,862,299	193	13,366,338	1,448.8592
06-30-2002	2002	Federated States Of Micronesia	3	10,352,166	9	108,777	3,465.2143
06-30-2002	2002	Florida	348	2,517,303,322	4,625	242,820,634	851.3799
06-30-2002	2002	Georgia	364	1,748,047,573	2,441	109,345,138	664.7286
06-30-2002	2002	Guam	8	518,459,276	37	1,334,971	1,876.7121
06-30-2002	2002	Hawaii	12	32,945,004	297	19,296,942	2,244.6874
06-30-2002	2002	Idaho	37	1,103,653,795	462	11,843,713	1,277.1949
06-30-2002	2002	Illinois	835	1,522,981,316	4,103	266,319,716	298.6947
06-30-2002	2002	Indiana	236	620,022,568	2,209	75,513,347	379.3673
06-30-2002	2002	Iowa	451	859,485,553	1,496	47,527,024	273.7405
06-30-2002	2002	Kansas	404	902,320,877	1,447	42,993,008	233.9519
06-30-2002	2002	Kentucky	275	1,127,872,753	1,690	52,912,184	264.1361
06-30-2002	2002	Louisiana	181	399,234,858	1,504	49,757,255	950.0882
06-30-2002	2002	Maine	41	290,948,242	507	14,787,325	755.3056
06-30-2002	2002	Marshall Islands	2	10,265,765	5	30,835	5,020.4293
06-30-2002	2002	Maryland	153	1,236,984,460	1,684	70,747,927	640.2048
06-30-2002	2002	Massachusetts	232	503,619,433	2,045	153,346,342	813.9075
06-30-2002	2002	Michigan	193	628,522,635	2,910	126,597,506	842.3610
06-30-2002	2002	Minnesota	513	525,897,958	1,668	77,740,959	1,225.6387
06-30-2002	2002	Mississippi	114	194,466,395	1,100	31,307,403	600.6984
06-30-2002	2002	Missouri	406	961,500,731	2,170	81,754,616	502.1155
06-30-2002	2002	Montana	86	193,884,077	354	10,543,491	556.8756
06-30-2002	2002	Nebraska	297	257,065,555	950	29,302,778	364.6750
06-30-2002	2002	Nevada	54	1,326,857,949	435	27,382,996	1,311.4610
06-30-2002	2002	New Hampshire	43	279,004,878	414	29,363,775	2,216.7791
06-30-2002	2002	New Jersey	181	1,900,013,149	3,039	180,955,065	666.4997
06-30-2002	2002	New Mexico	68	642,553,051	480	15,496,260	932.4766
06-30-2002	2002	New York	249	3,144,357,785	4,526	516,010,048	1,094.3217
06-30-2002	2002	North Carolina	132	1,139,023,455	2,480	121,024,012	1,467.3269
06-30-2002	2002	North Dakota	113	198,311,914	412	11,645,852	419.6112
06-30-2002	2002	Northern Mariana Islands	4	19,518,475	11	440,530	3,229.6780
06-30-2002	2002	Ohio	337	701,195,505	3,882	186,713,348	534.7126
06-30-2002	2002	Oklahoma	291	653,851,286	1,191	40,892,933	325.5509
06-30-2002	2002	Oregon	53	1,148,016,190	994	33,478,894	1,096.4474
06-30-2002	2002	Palau	3	10,348,994	3	76,619	4,955.3345
06-30-2002	2002	Pennsylvania	315	981,546,537	4,588	188,304,273	456.9153
06-30-2002	2002	Puerto Rico	14	565,911,855	534	38,939,431	1,576.2999
06-30-2002	2002	Rhode Island	20	244,863,475	225	15,702,601	2,502.2273
06-30-2002	2002	South Carolina	111	1,055,602,810	1,262	42,453,283	831.7270
06-30-2002	2002	South Dakota	103	257,385,542	437	14,604,699	478.4501
06-30-2002	2002	Tennessee	233	1,585,629,832	2,009	77,249,295	592.4414
06-30-2002	2002	Texas	751	2,159,235,252	4,980	256,583,367	480.1692
06-30-2002	2002	Utah	72	1,633,226,068	577	84,225,462	4,523.9280
06-30-2002	2002	Vermont	25	151,392,410	263	8,412,015	1,409.5140
06-30-2002	2002	Virgin Islands Of The U.S.	5	653,156,236	22	1,284,934	3,714.5183
06-30-2002	2002	Virginia	168	1,317,516,636	2,430	117,668,973	679.2393
06-30-2002	2002	Washington	119	1,183,744,079	1,736	70,560,027	973.4255
06-30-2002	2002	West Virginia	92	244,763,732	634	21,993,304	735.4880
06-30-2002	2002	Wisconsin	328	306,481,095	2,171	83,601,639	563.1605
06-30-2002	2002	Wyoming	53	192,977,227	195	8,028,286	835.6957
06-30-2003	2003	Alabama	176	463,227,977	1,431	60,278,951	803.7179
06-30-2003	2003	Alaska	9	78,183,681	129	5,710,390	2,787.9554
06-30-2003	2003	American Samoa	2	9,590,485	5	134,826	5,000.0913
06-30-2003	2003	Arizona	75	1,859,115,006	993	55,965,630	1,645.4457
06-30-2003	2003	Arkansas	185	956,456,289	1,302	37,699,983	273.1801
06-30-2003	2003	California	347	1,989,651,354	6,318	614,726,489	975.2164
06-30-2003	2003	Colorado	205	1,242,708,814	1,345	61,138,571	564.5321
06-30-2003	2003	Connecticut	77	1,471,616,109	1,175	69,985,952	976.0509
06-30-2003	2003	Delaware	42	489,920,829	246	96,807,745	1,673.4183
06-30-2003	2003	District Of Columbia	25	1,269,996,905	193	15,637,306	1,526.3962
06-30-2003	2003	Federated States Of Micronesia	2	787,249	6	119,213	5,365.6671
06-30-2003	2003	Florida	352	2,622,153,158	4,732	268,173,834	815.0378
06-30-2003	2003	Georgia	359	1,911,071,618	2,476	124,882,282	687.1064
06-30-2003	2003	Guam	7	602,645,054	36	1,748,455	2,055.7372
06-30-2003	2003	Hawaii	11	34,024,102	297	21,200,353	2,245.7729
06-30-2003	2003	Idaho	36	1,248,835,157	468	12,576,592	1,113.1914
06-30-2003	2003	Illinois	817	1,900,820,519	4,166	281,785,088	399.7426
06-30-2003	2003	Indiana	228	957,321,101	2,215	80,341,611	397.7155
06-30-2003	2003	Iowa	443	923,147,429	1,519	52,086,782	317.7905
06-30-2003	2003	Kansas	397	983,527,962	1,461	44,900,528	223.1734
06-30-2003	2003	Kentucky	271	1,461,929,547	1,702	56,075,725	297.6370
06-30-2003	2003	Louisiana	178	444,475,336	1,511	52,625,735	929.8645
06-30-2003	2003	Maine	42	306,851,126	507	16,078,660	778.7932
06-30-2003	2003	Marshall Islands	1	703,924	3	30,150	10,000.0000
06-30-2003	2003	Maryland	149	1,334,587,181	1,689	77,851,107	656.3897
06-30-2003	2003	Massachusetts	226	525,872,902	2,090	172,377,658	879.9445
06-30-2003	2003	Michigan	193	713,873,274	2,974	137,103,811	841.1824
06-30-2003	2003	Minnesota	506	598,626,886	1,682	97,383,123	1,734.9063
06-30-2003	2003	Mississippi	113	202,170,621	1,113	32,906,346	609.4303
06-30-2003	2003	Missouri	396	1,035,097,577	2,153	91,631,126	610.4680
06-30-2003	2003	Montana	84	207,033,141	360	11,293,009	573.1539
06-30-2003	2003	Nebraska	286	244,167,887	970	31,547,948	394.6366
06-30-2003	2003	Nevada	54	1,578,338,624	445	31,916,423	1,173.3865
06-30-2003	2003	New Hampshire	43	299,143,184	418	29,649,882	1,916.5835
06-30-2003	2003	New Jersey	176	2,029,131,559	3,102	196,624,009	619.0081
06-30-2003	2003	New Mexico	68	703,466,138	486	16,743,685	911.8936
06-30-2003	2003	New York	243	3,387,078,201	4,651	584,023,285	1,094.9326
06-30-2003	2003	North Carolina	130	1,243,101,063	2,462	146,965,217	1,661.5059
06-30-2003	2003	North Dakota	112	212,849,589	413	10,986,297	374.0959
06-30-2003	2003	Northern Mariana Islands	4	20,240,951	12	504,226	3,227.1462
06-30-2003	2003	Ohio	328	754,038,098	3,915	210,982,111	585.5624
06-30-2003	2003	Oklahoma	287	961,764,963	1,223	44,323,803	355.2738
06-30-2003	2003	Oregon	56	1,392,743,320	999	37,337,135	1,126.1407
06-30-2003	2003	Palau	3	10,307,410	3	82,672	5,457.5368
06-30-2003	2003	Pennsylvania	302	1,067,612,101	4,606	208,048,854	507.3709
06-30-2003	2003	Puerto Rico	13	660,660,739	553	40,263,279	1,562.6919
06-30-2003	2003	Rhode Island	22	266,570,854	230	17,812,856	2,408.6916
06-30-2003	2003	South Carolina	112	1,321,967,917	1,261	44,881,454	785.4488
06-30-2003	2003	South Dakota	100	281,288,894	444	15,715,744	535.1358
06-30-2003	2003	Tennessee	232	1,364,781,505	2,029	86,691,236	653.1865
06-30-2003	2003	Texas	741	2,344,759,456	5,145	293,256,291	497.4758
06-30-2003	2003	Utah	70	955,328,100	574	84,962,630	4,236.6159
06-30-2003	2003	Vermont	24	154,354,029	265	8,796,514	1,391.8787
06-30-2003	2003	Virgin Islands Of The U.S.	4	34,875,474	23	1,342,688	4,201.9324
06-30-2003	2003	Virginia	172	1,492,688,950	2,429	129,718,829	678.8118
06-30-2003	2003	Washington	123	1,461,376,496	1,784	81,522,394	1,009.5363
06-30-2003	2003	West Virginia	92	277,692,744	642	22,344,937	670.9747
06-30-2003	2003	Wisconsin	319	579,159,199	2,200	95,909,221	664.4380
06-30-2003	2003	Wyoming	51	204,246,569	204	7,793,056	644.3588
06-30-2004	2004	Alabama	178	502,057,890	1,446	62,638,358	807.1167
06-30-2004	2004	Alaska	9	456,210,607	129	5,951,594	2,785.8410
06-30-2004	2004	American Samoa	2	9,901,116	5	142,291	5,017.0414
06-30-2004	2004	Arizona	78	1,955,701,151	1,071	61,809,807	1,610.3876
06-30-2004	2004	Arkansas	179	1,129,832,290	1,341	38,682,129	304.9646
06-30-2004	2004	California	329	2,298,080,288	6,423	671,110,640	947.5684
06-30-2004	2004	Colorado	206	1,182,654,841	1,418	64,469,655	570.2208
06-30-2004	2004	Connecticut	72	1,907,128,317	1,188	73,841,388	988.7733
06-30-2004	2004	Delaware	43	393,793,244	255	105,824,781	1,596.4556
06-30-2004	2004	District Of Columbia	27	1,488,686,821	199	18,605,335	1,600.2018
06-30-2004	2004	Federated States Of Micronesia	2	828,469	6	73,648	10,000.0000
06-30-2004	2004	Florida	353	2,660,393,410	4,897	300,961,284	821.2321
06-30-2004	2004	Georgia	368	2,193,059,100	2,596	132,040,745	635.5484
06-30-2004	2004	Guam	7	716,077,383	35	1,551,414	2,099.6094
06-30-2004	2004	Hawaii	10	36,434,403	294	23,060,212	2,194.0538
06-30-2004	2004	Idaho	34	1,552,244,664	478	13,840,260	1,148.4515
06-30-2004	2004	Illinois	801	2,297,666,426	4,393	281,923,603	337.1790
06-30-2004	2004	Indiana	226	1,145,098,142	2,275	81,096,665	408.9656
06-30-2004	2004	Iowa	434	1,440,921,572	1,541	51,237,631	231.5761
06-30-2004	2004	Kansas	394	1,172,123,740	1,485	46,548,935	215.2344
06-30-2004	2004	Kentucky	265	590,205,050	1,724	56,857,725	311.5439
06-30-2004	2004	Louisiana	177	207,851,273	1,525	55,171,416	932.5740
06-30-2004	2004	Maine	42	349,428,630	505	16,704,957	735.7490
06-30-2004	2004	Marshall Islands	1	749,203	2	0	0.0000
06-30-2004	2004	Maryland	147	1,555,059,837	1,676	82,055,531	692.7516
06-30-2004	2004	Massachusetts	216	608,606,669	2,115	172,721,393	826.7423
06-30-2004	2004	Michigan	195	854,666,887	3,001	136,072,558	779.1737
06-30-2004	2004	Minnesota	510	680,396,129	1,715	94,437,017	1,508.3343
06-30-2004	2004	Mississippi	111	223,631,308	1,124	33,474,850	600.1881
06-30-2004	2004	Missouri	397	1,122,583,346	2,189	87,090,347	417.9651
06-30-2004	2004	Montana	83	582,339,383	365	11,911,022	569.4906
06-30-2004	2004	Nebraska	281	610,908,210	997	32,892,512	419.4125
06-30-2004	2004	Nevada	52	1,942,626,221	474	40,524,161	1,085.0712
06-30-2004	2004	New Hampshire	40	335,514,625	415	29,364,724	1,662.6341
06-30-2004	2004	New Jersey	173	2,621,639,295	3,157	211,318,456	633.1092
06-30-2004	2004	New Mexico	67	1,222,740,489	490	18,172,242	906.4240
06-30-2004	2004	New York	239	4,248,027,883	4,837	637,592,451	1,259.0661
06-30-2004	2004	North Carolina	130	1,471,294,970	2,510	163,898,226	2,165.1621
06-30-2004	2004	North Dakota	110	578,892,961	421	11,399,807	379.8126
06-30-2004	2004	Northern Mariana Islands	4	21,255,648	10	522,422	3,228.4244
06-30-2004	2004	Ohio	318	1,095,298,487	3,950	200,199,727	568.6161
06-30-2004	2004	Oklahoma	285	876,546,570	1,242	46,322,095	364.0709
06-30-2004	2004	Oregon	55	1,579,227,809	1,030	39,164,637	1,110.4647
06-30-2004	2004	Palau	2	832,312	2	9,016	10,000.0000
06-30-2004	2004	Pennsylvania	288	1,120,735,355	4,608	210,671,796	520.3015
06-30-2004	2004	Puerto Rico	12	789,598,565	552	44,410,308	1,492.9442
06-30-2004	2004	Rhode Island	23	323,478,115	233	19,881,217	2,397.2983
06-30-2004	2004	South Carolina	107	1,496,307,784	1,269	48,085,048	791.5193
06-30-2004	2004	South Dakota	98	638,262,781	448	53,277,826	5,507.0933
06-30-2004	2004	Tennessee	233	1,515,620,864	2,094	90,193,636	645.4740
06-30-2004	2004	Texas	728	3,089,063,443	5,480	310,346,403	444.6683
06-30-2004	2004	Utah	73	880,738,021	583	102,048,105	2,988.7520
06-30-2004	2004	Vermont	24	177,068,049	273	9,013,662	1,391.3234
06-30-2004	2004	Virgin Islands Of The U.S.	4	39,482,126	21	1,713,190	4,164.1574
06-30-2004	2004	Virginia	168	1,783,479,547	2,377	147,775,388	732.7635
06-30-2004	2004	Washington	117	1,602,966,962	1,799	87,424,073	1,077.0684
06-30-2004	2004	West Virginia	91	300,395,480	638	22,660,248	652.0064
06-30-2004	2004	Wisconsin	322	713,369,902	2,254	96,110,936	593.2112
06-30-2004	2004	Wyoming	51	572,415,255	205	7,882,896	594.7231
06-30-2005	2005	Alabama	178	983,060,780	1,454	65,307,284	774.9987
06-30-2005	2005	Alaska	9	496,320,036	134	6,434,378	2,667.6512
06-30-2005	2005	American Samoa	2	10,337,241	5	152,209	5,001.0134
06-30-2005	2005	Arizona	81	3,486,969,738	1,140	72,806,264	1,522.4154
06-30-2005	2005	Arkansas	174	1,607,641,690	1,370	40,995,321	320.8982
06-30-2005	2005	California	333	2,974,317,776	6,621	753,644,131	972.3128
06-30-2005	2005	Colorado	206	2,382,885,349	1,464	70,409,328	538.2670
06-30-2005	2005	Connecticut	71	2,901,607,259	1,197	76,936,520	949.7396
06-30-2005	2005	Delaware	43	604,509,304	263	138,758,109	1,572.9137
06-30-2005	2005	District Of Columbia	29	2,211,335,844	211	22,629,913	1,668.0033
06-30-2005	2005	Federated States Of Micronesia	2	874,868	6	119,129	5,081.4960
06-30-2005	2005	Florida	349	4,133,699,290	5,081	342,820,553	911.0507
06-30-2005	2005	Georgia	367	2,691,307,031	2,642	149,441,881	825.7281
06-30-2005	2005	Guam	7	729,506,986	32	1,640,392	2,172.2140
06-30-2005	2005	Hawaii	10	75,065,332	285	24,782,748	2,293.4413
06-30-2005	2005	Idaho	33	2,247,429,489	489	15,124,679	972.1348
06-30-2005	2005	Illinois	760	3,858,983,123	4,646	303,650,917	371.4929
06-30-2005	2005	Indiana	223	2,320,681,727	2,345	84,542,609	392.1298
06-30-2005	2005	Iowa	432	1,900,568,082	1,577	50,984,106	192.7722
06-30-2005	2005	Kansas	388	1,507,237,208	1,505	48,303,829	206.6163
06-30-2005	2005	Kentucky	257	1,841,450,306	1,750	57,240,549	290.1491
06-30-2005	2005	Louisiana	172	1,237,526,544	1,547	57,069,067	891.2485
06-30-2005	2005	Maine	40	1,220,551,874	507	18,152,348	724.3641
06-30-2005	2005	Marshall Islands	1	793,441	1	40,029	10,000.0000
06-30-2005	2005	Maryland	144	2,195,887,882	1,707	88,936,439	729.6294
06-30-2005	2005	Massachusetts	208	1,476,591,403	2,131	172,204,954	817.1042
06-30-2005	2005	Michigan	195	1,960,123,278	3,057	139,351,177	726.4167
06-30-2005	2005	Minnesota	496	813,717,706	1,763	96,053,684	1,312.3467
06-30-2005	2005	Mississippi	110	879,140,738	1,136	35,047,286	584.6321
06-30-2005	2005	Missouri	399	1,567,913,563	2,225	92,764,585	421.8891
06-30-2005	2005	Montana	85	635,672,843	370	12,565,370	538.7476
06-30-2005	2005	Nebraska	275	715,739,308	1,021	33,414,216	416.3121
06-30-2005	2005	Nevada	54	2,429,404,919	501	48,231,644	1,065.4800
06-30-2005	2005	New Hampshire	42	1,201,269,758	425	29,608,008	1,636.0275
06-30-2005	2005	New Jersey	171	3,919,915,700	3,222	222,555,492	636.7402
06-30-2005	2005	New Mexico	67	1,594,042,473	498	19,667,333	901.5349
06-30-2005	2005	New York	239	4,734,920,842	4,942	695,494,565	1,203.2297
06-30-2005	2005	North Carolina	133	2,032,007,028	2,544	184,217,714	2,154.0300
06-30-2005	2005	North Dakota	107	687,375,447	422	12,191,909	381.0032
06-30-2005	2005	Northern Mariana Islands	4	22,707,222	10	514,255	3,226.3935
06-30-2005	2005	Ohio	298	2,169,496,641	3,994	201,186,830	710.1017
06-30-2005	2005	Oklahoma	287	2,197,766,287	1,280	48,333,471	338.6622
06-30-2005	2005	Oregon	57	2,422,199,278	1,044	42,284,439	1,061.7783
06-30-2005	2005	Palau	2	875,602	2	25,362	5,622.1009
06-30-2005	2005	Pennsylvania	283	2,293,731,699	4,643	225,237,756	546.0388
06-30-2005	2005	Puerto Rico	12	810,645,298	562	53,753,634	1,464.3114
06-30-2005	2005	Rhode Island	25	1,204,189,401	240	21,825,763	2,453.8515
06-30-2005	2005	South Carolina	106	1,886,308,271	1,289	53,843,851	814.0751
06-30-2005	2005	South Dakota	97	736,520,570	459	42,101,939	4,569.3746
06-30-2005	2005	Tennessee	225	2,275,054,519	2,113	95,586,754	844.0339
06-30-2005	2005	Texas	721	4,298,946,043	5,863	356,111,552	655.5512
06-30-2005	2005	Utah	78	2,341,466,109	594	118,113,846	2,248.1654
06-30-2005	2005	Vermont	25	190,709,363	276	9,517,400	1,386.3052
06-30-2005	2005	Virgin Islands Of The U.S.	0	-	-	-	-
06-30-2005	2005	Virginia	169	2,289,475,267	2,438	155,263,742	755.6446
06-30-2005	2005	Washington	124	2,452,255,207	1,832	91,469,300	947.7325
06-30-2005	2005	West Virginia	89	1,479,253,868	639	23,339,956	645.3527
06-30-2005	2005	Wisconsin	318	1,853,849,873	2,298	100,642,976	617.0252
06-30-2005	2005	Wyoming	51	680,323,555	210	8,562,869	572.2823
06-30-2006	2006	Alabama	182	1,092,264,778	1,470	71,380,407	718.7385
06-30-2006	2006	Alaska	9	491,026,557	133	6,708,073	2,650.0318
06-30-2006	2006	American Samoa	2	10,731,715	7	176,589	5,039.4871
06-30-2006	2006	Arizona	83	3,772,273,408	1,219	78,867,502	1,451.0108
06-30-2006	2006	Arkansas	170	1,798,347,883	1,445	44,219,592	316.1355
06-30-2006	2006	California	334	3,574,623,298	6,894	725,878,327	858.2540
06-30-2006	2006	Colorado	202	2,602,697,731	1,539	76,329,690	517.5994
06-30-2006	2006	Connecticut	73	3,589,204,050	1,232	79,183,891	879.4507
06-30-2006	2006	Delaware	43	702,923,428	262	153,944,551	1,741.9743
06-30-2006	2006	District Of Columbia	32	2,422,315,659	220	24,273,177	1,472.3639
06-30-2006	2006	Federated States Of Micronesia	2	861,544	6	118,219	5,075.4585
06-30-2006	2006	Florida	365	4,714,974,197	5,310	363,415,173	822.2936
06-30-2006	2006	Georgia	375	2,935,923,719	2,741	169,489,384	844.0433
06-30-2006	2006	Guam	7	1,043,290,716	32	1,638,606	2,107.8836
06-30-2006	2006	Hawaii	12	78,141,818	289	25,669,656	2,305.6988
06-30-2006	2006	Idaho	34	2,391,509,995	496	16,870,266	927.5021
06-30-2006	2006	Illinois	747	4,214,836,609	4,831	329,723,945	391.8437
06-30-2006	2006	Indiana	220	2,594,762,838	2,373	87,211,796	384.9142
06-30-2006	2006	Iowa	422	2,082,293,359	1,598	54,007,495	185.1313
06-30-2006	2006	Kansas	385	1,758,895,444	1,518	50,667,836	195.9133
06-30-2006	2006	Kentucky	251	2,171,930,277	1,781	60,623,492	301.8028
06-30-2006	2006	Louisiana	174	1,408,090,161	1,578	71,902,742	1,004.1752
06-30-2006	2006	Maine	41	1,379,667,391	510	19,551,905	732.1629
06-30-2006	2006	Marshall Islands	1	783,861	1	43,208	10,000.0000
06-30-2006	2006	Maryland	146	2,421,841,916	1,749	92,803,490	696.8045
06-30-2006	2006	Massachusetts	211	1,670,934,544	2,158	175,700,258	772.0831
06-30-2006	2006	Michigan	196	2,121,702,923	3,111	152,588,350	772.1915
06-30-2006	2006	Minnesota	485	850,838,098	1,808	97,070,541	1,148.9830
06-30-2006	2006	Mississippi	110	940,248,501	1,163	40,181,750	581.3157
06-30-2006	2006	Missouri	402	1,872,749,064	2,309	98,110,938	372.0002
06-30-2006	2006	Montana	85	643,142,911	371	13,747,517	532.2041
06-30-2006	2006	Nebraska	269	724,366,419	1,045	33,843,293	408.9728
06-30-2006	2006	Nevada	53	2,456,289,202	532	126,181,577	3,554.4221
06-30-2006	2006	New Hampshire	39	1,349,330,729	428	20,551,165	1,537.7573
06-30-2006	2006	New Jersey	174	4,322,372,142	3,279	213,305,765	585.7661
06-30-2006	2006	New Mexico	64	1,708,823,850	498	20,930,166	899.0744
06-30-2006	2006	New York	244	5,470,234,870	5,126	800,147,185	1,265.1778
06-30-2006	2006	North Carolina	136	2,309,681,076	2,606	195,193,246	2,154.4443
06-30-2006	2006	North Dakota	105	694,104,514	434	12,905,190	380.2741
06-30-2006	2006	Northern Mariana Islands	4	23,486,954	10	480,622	3,212.5198
06-30-2006	2006	Ohio	296	2,413,354,006	4,034	208,615,700	707.0197
06-30-2006	2006	Oklahoma	284	2,579,878,324	1,311	53,258,540	338.5432
06-30-2006	2006	Oregon	58	2,595,448,517	1,071	45,275,445	989.5121
06-30-2006	2006	Palau	2	868,127	2	26,175	5,684.5353
06-30-2006	2006	Pennsylvania	285	2,624,086,880	4,700	250,156,459	537.9654
06-30-2006	2006	Puerto Rico	12	1,118,728,220	571	59,062,737	1,438.3198
06-30-2006	2006	Rhode Island	25	1,380,837,091	243	23,766,052	2,439.3314
06-30-2006	2006	South Carolina	109	2,109,456,913	1,331	59,152,555	779.1282
06-30-2006	2006	South Dakota	97	774,021,156	468	75,196,514	6,400.8989
06-30-2006	2006	Tennessee	235	2,515,409,669	2,168	101,966,402	758.5534
06-30-2006	2006	Texas	703	4,802,112,691	6,259	402,477,836	625.1527
06-30-2006	2006	Utah	82	2,599,847,571	604	143,266,327	1,654.3782
06-30-2006	2006	Vermont	24	157,324,065	276	9,901,937	1,375.2795
06-30-2006	2006	Virgin Islands Of The U.S.	0	-	-	-	-
06-30-2006	2006	Virginia	170	2,444,997,375	2,512	172,784,951	769.8413
06-30-2006	2006	Washington	122	2,627,773,314	1,871	99,585,560	920.7389
06-30-2006	2006	West Virginia	90	1,691,416,810	645	24,828,487	647.1928
06-30-2006	2006	Wisconsin	320	2,035,928,830	2,336	103,510,960	595.2407
06-30-2006	2006	Wyoming	53	687,584,627	217	9,517,650	551.6470
06-30-2007	2007	Alabama	183	1,270,884,816	1,495	74,640,717	890.5595
06-30-2007	2007	Alaska	9	568,125,144	133	6,886,757	2,612.2309
06-30-2007	2007	American Samoa	2	10,566,075	7	173,600	5,047.4864
06-30-2007	2007	Arizona	87	4,044,496,883	1,279	80,016,119	1,395.3732
06-30-2007	2007	Arkansas	164	1,925,374,449	1,490	47,222,904	312.5727
06-30-2007	2007	California	350	5,163,954,143	7,122	750,872,265	847.5289
06-30-2007	2007	Colorado	197	2,737,491,588	1,612	81,252,121	511.7572
06-30-2007	2007	Connecticut	73	5,280,784,284	1,285	80,952,455	855.3479
06-30-2007	2007	Delaware	45	3,338,213,821	269	160,233,679	1,844.9893
06-30-2007	2007	District Of Columbia	35	3,991,628,057	229	25,646,306	1,601.7415
06-30-2007	2007	Federated States Of Micronesia	2	905,988	6	122,440	5,062.7998
06-30-2007	2007	Florida	376	6,611,287,281	5,600	373,711,462	743.3644
06-30-2007	2007	Georgia	380	3,213,624,238	2,813	177,919,970	742.7345
06-30-2007	2007	Guam	7	1,276,018,337	32	1,781,233	2,107.6096
06-30-2007	2007	Hawaii	12	78,312,774	288	26,817,870	2,306.0586
06-30-2007	2007	Idaho	36	2,601,216,611	522	17,679,815	874.9202
06-30-2007	2007	Illinois	730	5,831,167,910	4,952	338,899,825	374.2831
06-30-2007	2007	Indiana	209	3,002,799,620	2,390	88,569,331	398.3260
06-30-2007	2007	Iowa	415	2,293,348,750	1,630	56,576,150	169.0622
06-30-2007	2007	Kansas	382	1,833,451,640	1,543	54,056,557	188.7939
06-30-2007	2007	Kentucky	247	2,420,333,507	1,814	63,028,583	296.3883
06-30-2007	2007	Louisiana	171	1,617,510,735	1,606	72,979,532	987.6208
06-30-2007	2007	Maine	38	1,510,423,018	517	20,028,536	716.5015
06-30-2007	2007	Marshall Islands	1	828,699	1	54,221	10,000.0000
06-30-2007	2007	Maryland	145	4,019,982,923	1,805	94,987,481	674.6961
06-30-2007	2007	Massachusetts	209	3,053,770,288	2,177	180,791,772	713.6823
06-30-2007	2007	Michigan	189	2,435,263,489	3,137	154,684,204	783.2699
06-30-2007	2007	Minnesota	478	974,767,802	1,842	106,153,825	970.6743
06-30-2007	2007	Mississippi	108	1,070,466,945	1,180	41,618,754	667.5755
06-30-2007	2007	Missouri	397	2,170,968,526	2,376	102,606,790	342.9917
06-30-2007	2007	Montana	82	730,120,384	374	14,561,517	584.1841
06-30-2007	2007	Nebraska	263	820,424,128	1,067	36,020,653	433.1710
06-30-2007	2007	Nevada	60	3,900,294,879	565	188,115,189	2,870.6052
06-30-2007	2007	New Hampshire	39	1,458,012,325	432	21,522,307	1,500.3263
06-30-2007	2007	New Jersey	176	6,042,152,090	3,351	222,450,857	590.6213
06-30-2007	2007	New Mexico	65	1,923,260,152	505	21,938,083	871.8607
06-30-2007	2007	New York	248	6,265,736,396	5,267	722,801,486	1,197.7734
06-30-2007	2007	North Carolina	136	2,583,760,909	2,676	206,253,803	2,025.3371
06-30-2007	2007	North Dakota	104	786,610,890	442	13,887,806	364.8000
06-30-2007	2007	Northern Mariana Islands	4	23,965,680	10	488,912	3,228.3701
06-30-2007	2007	Ohio	294	2,664,680,947	4,082	209,093,692	670.1510
06-30-2007	2007	Oklahoma	272	2,870,553,203	1,349	57,530,391	355.6850
06-30-2007	2007	Oregon	59	2,822,436,649	1,086	47,943,926	926.2399
06-30-2007	2007	Palau	2	920,863	2	28,508	5,534.1730
06-30-2007	2007	Pennsylvania	284	4,332,308,762	4,758	259,410,941	531.4981
06-30-2007	2007	Puerto Rico	12	1,352,502,546	569	61,590,015	1,371.6477
06-30-2007	2007	Rhode Island	24	1,505,358,820	246	25,457,393	2,301.5222
06-30-2007	2007	South Carolina	107	2,492,085,940	1,370	64,091,141	749.6268
06-30-2007	2007	South Dakota	95	867,844,682	481	63,251,287	3,408.9031
06-30-2007	2007	Tennessee	236	2,795,317,051	2,270	107,031,019	795.3276
06-30-2007	2007	Texas	706	6,595,409,659	6,573	449,975,896	631.4266
06-30-2007	2007	Utah	84	2,975,216,097	615	181,651,811	1,224.1619
06-30-2007	2007	Vermont	24	283,483,734	273	9,928,805	1,316.1818
06-30-2007	2007	Virgin Islands Of The U.S.	0	-	-	-	-
06-30-2007	2007	Virginia	160	4,287,536,011	2,593	182,183,370	884.7018
06-30-2007	2007	Washington	125	2,895,708,045	1,898	105,673,251	873.6683
06-30-2007	2007	West Virginia	90	1,856,833,802	653	25,935,843	648.4103
06-30-2007	2007	Wisconsin	316	2,283,600,895	2,366	109,733,810	601.0641
06-30-2007	2007	Wyoming	54	779,266,205	226	10,591,095	540.3342
06-30-2008	2008	Alabama	187	1,315,708,197	1,564	76,564,292	839.4697
06-30-2008	2008	Alaska	9	672,310,578	134	13,659,912	3,011.1892
06-30-2008	2008	American Samoa	2	10,877,607	6	187,585	5,049.7684
06-30-2008	2008	Arizona	93	5,002,455,794	1,379	78,663,486	1,405.5134
06-30-2008	2008	Arkansas	159	2,128,841,437	1,513	47,147,996	316.9433
06-30-2008	2008	California	354	4,959,401,637	7,313	762,773,852	900.6841
06-30-2008	2008	Colorado	198	3,539,666,585	1,665	83,140,463	472.6080
06-30-2008	2008	Connecticut	73	5,971,082,013	1,304	83,201,197	914.9969
06-30-2008	2008	Delaware	42	3,654,348,562	274	176,862,454	2,160.0777
06-30-2008	2008	District Of Columbia	34	4,194,954,965	228	23,437,815	1,465.9877
06-30-2008	2008	Federated States Of Micronesia	2	943,663	6	127,297	5,000.0188
06-30-2008	2008	Florida	381	6,915,258,434	5,772	380,280,748	837.0094
06-30-2008	2008	Georgia	383	3,102,563,841	2,873	184,318,462	740.6779
06-30-2008	2008	Guam	7	1,251,901,062	32	1,845,392	2,161.1291
06-30-2008	2008	Hawaii	11	40,707,987	288	26,179,145	2,287.9287
06-30-2008	2008	Idaho	37	2,506,702,402	541	17,227,536	815.9129
06-30-2008	2008	Illinois	713	6,870,638,256	5,046	344,623,595	346.6528
06-30-2008	2008	Indiana	204	3,733,604,504	2,401	90,637,563	420.2800
06-30-2008	2008	Iowa	402	2,576,563,787	1,639	60,107,832	172.0659
06-30-2008	2008	Kansas	378	2,616,848,023	1,556	57,868,862	205.4804
06-30-2008	2008	Kentucky	234	2,946,996,897	1,828	64,391,276	296.4887
06-30-2008	2008	Louisiana	167	2,072,993,064	1,606	74,694,781	945.4209
06-30-2008	2008	Maine	36	1,716,183,114	519	34,766,733	2,132.4915
06-30-2008	2008	Marshall Islands	1	857,690	1	51,138	10,000.0000
06-30-2008	2008	Maryland	139	4,167,089,925	1,829	96,614,438	777.2191
06-30-2008	2008	Massachusetts	199	3,371,189,508	2,228	185,323,794	822.8427
06-30-2008	2008	Michigan	184	3,019,152,701	3,125	157,213,508	814.3551
06-30-2008	2008	Minnesota	468	2,517,062,464	1,861	101,114,781	1,068.8999
06-30-2008	2008	Mississippi	108	1,065,963,615	1,181	45,458,918	812.5717
06-30-2008	2008	Missouri	398	2,374,934,102	2,427	110,724,845	378.1245
06-30-2008	2008	Montana	82	832,275,003	387	15,526,452	620.1245
06-30-2008	2008	Nebraska	257	933,529,055	1,080	38,849,450	485.7927
06-30-2008	2008	Nevada	66	4,525,159,878	603	199,793,227	2,359.9643
06-30-2008	2008	New Hampshire	41	1,795,300,115	433	22,987,606	1,402.0381
06-30-2008	2008	New Jersey	174	6,355,079,717	3,381	227,188,713	717.6634
06-30-2008	2008	New Mexico	65	2,176,276,796	512	22,304,346	860.3760
06-30-2008	2008	New York	246	6,711,052,203	5,363	748,068,967	1,304.0286
06-30-2008	2008	North Carolina	138	2,762,085,280	2,746	219,477,104	2,295.1074
06-30-2008	2008	North Dakota	104	893,822,926	445	15,306,612	348.2372
06-30-2008	2008	Northern Mariana Islands	4	24,532,981	10	461,620	3,194.9072
06-30-2008	2008	Ohio	287	3,368,042,144	4,066	227,835,482	787.5208
06-30-2008	2008	Oklahoma	268	3,420,643,800	1,383	62,990,151	376.9396
06-30-2008	2008	Oregon	61	2,809,915,597	1,104	49,161,575	905.1433
06-30-2008	2008	Palau	2	949,821	2	33,617	5,151.3615
06-30-2008	2008	Pennsylvania	276	4,587,916,918	4,822	271,744,244	555.0191
06-30-2008	2008	Puerto Rico	12	1,326,276,515	554	64,521,043	1,460.0782
06-30-2008	2008	Rhode Island	23	1,751,958,906	247	29,587,227	2,639.8625
06-30-2008	2008	South Carolina	109	2,677,533,309	1,440	66,549,172	727.1702
06-30-2008	2008	South Dakota	96	983,844,749	482	74,884,976	3,578.2060
06-30-2008	2008	Tennessee	234	3,007,376,598	2,301	104,771,280	628.7680
06-30-2008	2008	Texas	704	6,909,177,774	6,887	484,230,687	636.3129
06-30-2008	2008	Utah	82	3,094,803,731	621	229,330,194	1,019.5564
06-30-2008	2008	Vermont	22	350,070,083	272	9,948,551	1,266.1332
06-30-2008	2008	Virgin Islands Of The U.S.	0	-	-	-	-
06-30-2008	2008	Virginia	153	4,594,297,194	2,650	193,910,112	841.4875
06-30-2008	2008	Washington	122	2,822,244,602	1,925	112,330,698	905.2417
06-30-2008	2008	West Virginia	87	2,321,946,128	664	26,889,146	672.3281
06-30-2008	2008	Wisconsin	307	2,959,750,620	2,389	114,838,497	620.2703
06-30-2008	2008	Wyoming	53	883,948,121	230	11,051,910	538.8527
06-30-2009	2009	Alabama	183	1,151,133,616	1,581	83,429,528	837.5845
06-30-2009	2009	Alaska	9	744,323,811	134	22,118,192	4,475.2879
06-30-2009	2009	American Samoa	2	12,542,322	6	212,119	5,016.1115
06-30-2009	2009	Arizona	93	4,811,731,014	1,405	82,259,167	1,429.2676
06-30-2009	2009	Arkansas	149	2,726,742,745	1,506	48,537,630	342.7499
06-30-2009	2009	California	352	6,481,088,984	7,401	834,349,192	1,008.1565
06-30-2009	2009	Colorado	193	4,833,451,024	1,661	86,098,450	505.6318
06-30-2009	2009	Connecticut	71	5,632,104,555	1,288	90,638,279	864.2166
06-30-2009	2009	Delaware	41	3,565,475,980	275	170,595,638	2,439.5474
06-30-2009	2009	District Of Columbia	31	5,743,146,057	237	23,057,303	1,222.7094
06-30-2009	2009	Federated States Of Micronesia	2	1,024,945	6	130,899	5,002.1510
06-30-2009	2009	Florida	368	6,453,146,241	5,820	400,978,730	755.3832
06-30-2009	2009	Georgia	359	4,563,902,167	2,840	186,132,037	675.8967
06-30-2009	2009	Guam	7	1,188,855,696	32	2,057,629	2,349.4796
06-30-2009	2009	Hawaii	11	42,542,824	290	28,671,093	2,315.7052
06-30-2009	2009	Idaho	35	4,191,774,554	543	17,991,515	906.8814
06-30-2009	2009	Illinois	696	6,551,535,492	4,989	360,684,791	364.5135
06-30-2009	2009	Indiana	201	5,040,977,496	2,425	94,164,555	402.0106
06-30-2009	2009	Iowa	394	2,644,598,878	1,638	64,378,920	173.8156
06-30-2009	2009	Kansas	374	2,510,399,219	1,569	57,762,564	195.6749
06-30-2009	2009	Kentucky	231	2,808,105,468	1,859	68,704,210	294.8899
06-30-2009	2009	Louisiana	166	1,969,043,142	1,633	78,827,540	874.2941
06-30-2009	2009	Maine	33	1,743,779,438	521	46,642,632	3,307.9615
06-30-2009	2009	Marshall Islands	1	939,983	1	61,590	10,000.0000
06-30-2009	2009	Maryland	137	4,285,430,222	1,843	108,164,912	846.6636
06-30-2009	2009	Massachusetts	197	5,173,877,549	2,245	189,870,183	767.0045
06-30-2009	2009	Michigan	173	4,252,732,095	3,085	163,767,093	775.4513
06-30-2009	2009	Minnesota	460	2,587,464,473	1,866	115,342,990	1,178.7965
06-30-2009	2009	Mississippi	106	912,633,943	1,199	44,120,934	667.4009
06-30-2009	2009	Missouri	391	2,197,005,115	2,447	123,851,430	384.4230
06-30-2009	2009	Montana	80	916,799,182	389	16,527,837	646.0696
06-30-2009	2009	Nebraska	253	1,033,774,625	1,089	46,312,733	596.1238
06-30-2009	2009	Nevada	62	5,934,940,236	598	195,061,523	3,036.3178
06-30-2009	2009	New Hampshire	40	1,832,241,713	430	25,019,933	1,424.6248
06-30-2009	2009	New Jersey	173	6,032,156,055	3,348	250,063,999	658.8766
06-30-2009	2009	New Mexico	67	2,238,897,750	520	24,843,231	890.2637
06-30-2009	2009	New York	247	6,326,513,177	5,415	791,022,426	1,427.6557
06-30-2009	2009	North Carolina	134	2,602,454,252	2,790	304,589,436	2,282.8879
06-30-2009	2009	North Dakota	102	972,551,559	445	16,703,796	342.7044
06-30-2009	2009	Northern Mariana Islands	4	27,136,006	10	452,808	3,299.9338
06-30-2009	2009	Ohio	275	3,315,312,428	4,054	235,435,690	759.7256
06-30-2009	2009	Oklahoma	264	3,292,641,597	1,396	67,432,039	395.7179
06-30-2009	2009	Oregon	61	4,469,912,153	1,120	52,620,345	910.5426
06-30-2009	2009	Palau	2	1,038,246	2	31,515	5,118.7604
06-30-2009	2009	Pennsylvania	261	6,239,005,397	4,789	294,781,940	565.1448
06-30-2009	2009	Puerto Rico	11	1,253,919,697	526	62,051,706	1,538.1687
06-30-2009	2009	Rhode Island	24	1,723,101,793	254	28,377,548	2,270.1764
06-30-2009	2009	South Carolina	107	2,533,438,918	1,463	69,795,010	688.2637
06-30-2009	2009	South Dakota	95	1,084,608,801	485	86,783,422	3,739.4763
06-30-2009	2009	Tennessee	233	2,871,395,973	2,332	111,068,286	604.9714
06-30-2009	2009	Texas	695	6,558,204,557	6,948	472,317,492	730.3653
06-30-2009	2009	Utah	78	3,098,046,346	625	310,835,750	1,001.5722
06-30-2009	2009	Vermont	22	381,547,701	267	10,314,185	1,217.9157
06-30-2009	2009	Virgin Islands Of The U.S.	0	-	-	-	-
06-30-2009	2009	Virginia	153	4,590,819,737	2,671	212,671,168	811.3529
06-30-2009	2009	Washington	121	4,505,355,564	1,924	113,333,701	763.2170
06-30-2009	2009	West Virginia	86	2,515,369,213	668	28,274,736	671.8043
06-30-2009	2009	Wisconsin	302	2,812,084,274	2,388	125,783,815	647.5914
06-30-2009	2009	Wyoming	48	962,983,222	235	11,727,506	770.2891
06-30-2010	2010	Alabama	173	1,759,086,044	1,578	82,059,493	859.2421
06-30-2010	2010	Alaska	8	1,195,848,253	133	8,907,321	2,989.1521
06-30-2010	2010	American Samoa	2	13,269,157	6	194,180	5,080.7309
06-30-2010	2010	Arizona	81	4,898,595,734	1,381	86,146,240	1,590.0602
06-30-2010	2010	Arkansas	146	3,258,902,942	1,483	50,877,672	332.4212
06-30-2010	2010	California	324	6,607,432,205	7,176	845,691,492	1,235.4136
06-30-2010	2010	Colorado	190	4,908,515,308	1,662	91,225,615	688.5547
06-30-2010	2010	Connecticut	68	6,276,354,285	1,296	95,830,159	910.6165
06-30-2010	2010	Delaware	39	5,190,695,000	274	290,304,691	1,741.2031
06-30-2010	2010	District Of Columbia	33	6,505,040,322	244	27,360,095	1,262.0777
06-30-2010	2010	Federated States Of Micronesia	2	1,084,922	6	144,116	5,000.4923
06-30-2010	2010	Florida	339	7,274,894,002	5,666	409,893,545	773.8684
06-30-2010	2010	Georgia	321	5,320,113,495	2,758	180,859,140	752.5205
06-30-2010	2010	Guam	7	1,184,080,071	32	1,925,945	2,166.6305
06-30-2010	2010	Hawaii	12	44,117,543	284	28,345,654	2,456.1069
06-30-2010	2010	Idaho	35	4,726,113,225	541	18,661,265	967.9512
06-30-2010	2010	Illinois	665	6,943,830,987	4,942	361,764,785	404.4814
06-30-2010	2010	Indiana	186	5,554,309,675	2,400	98,449,386	426.3834
06-30-2010	2010	Iowa	381	3,178,091,467	1,621	66,491,241	192.3486
06-30-2010	2010	Kansas	367	3,140,810,703	1,561	60,031,072	212.8947
06-30-2010	2010	Kentucky	227	2,813,608,230	1,827	68,869,194	307.0611
06-30-2010	2010	Louisiana	164	1,965,770,950	1,650	82,817,085	887.1109
06-30-2010	2010	Maine	33	1,792,788,762	511	27,598,496	937.4010
06-30-2010	2010	Marshall Islands	1	992,058	1	65,477	10,000.0000
06-30-2010	2010	Maryland	134	5,067,048,882	1,804	112,802,000	873.3499
06-30-2010	2010	Massachusetts	191	5,252,008,321	2,217	205,201,264	852.8320
06-30-2010	2010	Michigan	165	5,011,984,168	3,008	155,697,795	716.4251
06-30-2010	2010	Minnesota	444	3,123,095,371	1,842	129,661,957	1,429.9067
06-30-2010	2010	Mississippi	105	1,495,762,274	1,209	45,115,810	639.0252
06-30-2010	2010	Missouri	386	2,599,113,311	2,436	128,956,735	373.2091
06-30-2010	2010	Montana	78	1,436,354,030	392	17,546,081	642.7434
06-30-2010	2010	Nebraska	242	1,541,656,301	1,092	43,025,175	456.5913
06-30-2010	2010	Nevada	50	6,034,567,498	550	183,499,457	3,492.2163
06-30-2010	2010	New Hampshire	40	1,870,471,064	433	26,366,843	1,401.0314
06-30-2010	2010	New Jersey	170	6,679,530,373	3,338	246,492,205	693.9917
06-30-2010	2010	New Mexico	65	2,746,177,607	514	25,789,423	957.5074
06-30-2010	2010	New York	242	7,267,153,887	5,479	854,827,571	1,389.9663
06-30-2010	2010	North Carolina	129	3,288,289,180	2,779	207,412,639	1,504.0998
06-30-2010	2010	North Dakota	100	1,493,195,914	444	17,580,269	339.4400
06-30-2010	2010	Northern Mariana Islands	4	29,429,254	10	436,215	3,327.7561
06-30-2010	2010	Ohio	268	3,870,653,767	4,015	226,367,669	708.9182
06-30-2010	2010	Oklahoma	264	3,313,888,208	1,411	69,043,805	388.9946
06-30-2010	2010	Oregon	59	5,012,654,589	1,124	53,657,242	957.3148
06-30-2010	2010	Palau	2	1,095,001	2	36,753	5,186.6480
06-30-2010	2010	Pennsylvania	257	6,926,159,809	4,719	285,770,432	722.7685
06-30-2010	2010	Puerto Rico	8	1,232,078,698	484	50,548,344	2,153.2205
06-30-2010	2010	Rhode Island	25	1,985,559,017	259	39,828,043	1,931.6070
06-30-2010	2010	South Carolina	107	3,136,887,910	1,458	70,250,132	691.3908
06-30-2010	2010	South Dakota	93	1,658,082,852	487	107,436,472	3,634.9140
06-30-2010	2010	Tennessee	229	3,624,663,754	2,298	114,686,223	588.6091
06-30-2010	2010	Texas	679	6,779,131,699	6,965	499,211,301	676.4090
06-30-2010	2010	Utah	74	5,128,391,812	602	271,945,282	929.4526
06-30-2010	2010	Vermont	23	408,816,953	266	10,631,225	1,234.5324
06-30-2010	2010	Virgin Islands Of The U.S.	0	-	-	-	-
06-30-2010	2010	Virginia	153	5,252,766,957	2,684	214,271,057	793.5409
06-30-2010	2010	Washington	111	5,083,398,351	1,891	109,218,692	802.8664
06-30-2010	2010	West Virginia	85	2,504,916,243	664	28,784,182	636.5610
06-30-2010	2010	Wisconsin	299	3,585,333,977	2,351	126,660,105	641.5845
06-30-2010	2010	Wyoming	47	1,482,152,077	235	12,025,122	778.1767
Date	Year	state_name	Num_Institutions	Total_Assets	Num_Offices	Depoits($000)	HHI
Date	Year	state_name	Num_Institutions	Total_Assets	Num_Offices	Depoits($000)	HHI
06-30-2011	2011	Alabama	173	1,854,304,796	1,570	84,217,992	977.3168
06-30-2011	2011	Alaska	8	1,252,818,638	132	9,303,475	3,147.3272
06-30-2011	2011	American Samoa	2	14,156,060	6	192,978	5,002.2416
06-30-2011	2011	Arizona	75	5,151,765,921	1,362	84,757,038	1,671.7466
06-30-2011	2011	Arkansas	145	3,365,470,806	1,484	51,988,518	353.0362
06-30-2011	2011	California	310	7,076,209,456	7,275	885,006,110	1,194.9347
06-30-2011	2011	Colorado	160	5,152,540,345	1,641	96,395,896	945.7057
06-30-2011	2011	Connecticut	70	6,724,007,601	1,301	101,504,604	974.3308
06-30-2011	2011	Delaware	41	5,486,322,219	287	323,380,741	1,831.5437
06-30-2011	2011	District Of Columbia	32	6,971,302,319	244	31,664,926	1,294.3463
06-30-2011	2011	Federated States Of Micronesia	2	1,229,206	8	159,194	5,134.5437
06-30-2011	2011	Florida	313	7,729,548,647	5,616	411,157,405	795.4645
06-30-2011	2011	Georgia	292	5,612,548,918	2,711	182,965,001	849.4433
06-30-2011	2011	Guam	7	1,320,067,040	33	2,094,833	2,190.4840
06-30-2011	2011	Hawaii	11	44,436,385	283	30,237,269	2,552.3517
06-30-2011	2011	Idaho	35	4,974,363,470	537	18,866,487	979.9510
06-30-2011	2011	Illinois	645	7,446,897,255	4,926	370,947,246	460.0956
06-30-2011	2011	Indiana	187	5,820,492,328	2,386	99,494,246	431.5790
06-30-2011	2011	Iowa	371	3,245,635,801	1,613	70,033,972	197.9640
06-30-2011	2011	Kansas	359	3,233,259,329	1,559	61,094,137	218.2113
06-30-2011	2011	Kentucky	224	3,046,662,527	1,808	69,060,270	299.5089
06-30-2011	2011	Louisiana	160	2,154,253,912	1,646	86,819,308	935.0384
06-30-2011	2011	Maine	33	1,793,464,955	519	30,694,143	1,211.4160
06-30-2011	2011	Marshall Islands	1	1,140,173	1	52,869	10,000.0000
06-30-2011	2011	Maryland	130	5,351,370,279	1,785	115,942,755	944.8305
06-30-2011	2011	Massachusetts	187	5,776,200,993	2,223	231,325,667	922.7706
06-30-2011	2011	Michigan	160	5,237,587,113	2,978	157,683,542	778.8708
06-30-2011	2011	Minnesota	438	3,147,423,273	1,821	150,477,910	1,596.3245
06-30-2011	2011	Mississippi	104	1,568,897,860	1,215	46,536,836	659.6977
06-30-2011	2011	Missouri	382	2,629,143,236	2,436	131,521,909	386.8058
06-30-2011	2011	Montana	79	1,523,725,744	392	18,009,218	644.4764
06-30-2011	2011	Nebraska	234	1,638,601,241	1,093	47,879,176	435.2097
06-30-2011	2011	Nevada	49	6,315,176,214	549	259,011,088	4,529.6605
06-30-2011	2011	New Hampshire	40	1,877,578,264	435	27,081,976	1,382.7708
06-30-2011	2011	New Jersey	168	7,118,390,586	3,320	255,399,592	697.9090
06-30-2011	2011	New Mexico	65	3,156,532,081	512	26,227,883	970.9182
06-30-2011	2011	New York	239	7,950,634,545	5,498	990,174,454	1,525.1503
06-30-2011	2011	North Carolina	128	3,550,634,942	2,760	284,210,134	2,626.3555
06-30-2011	2011	North Dakota	100	1,588,144,242	439	19,125,122	344.2453
06-30-2011	2011	Northern Mariana Islands	3	30,838,933	9	422,784	3,411.2442
06-30-2011	2011	Ohio	263	4,144,546,851	4,044	233,435,924	735.2472
06-30-2011	2011	Oklahoma	257	3,506,719,038	1,408	71,144,289	382.6144
06-30-2011	2011	Oregon	59	5,338,763,550	1,132	60,522,822	977.3964
06-30-2011	2011	Palau	2	1,253,313	2	40,154	5,291.4193
06-30-2011	2011	Pennsylvania	248	7,455,834,315	4,710	300,267,467	726.8778
06-30-2011	2011	Puerto Rico	9	1,362,428,810	443	50,074,039	2,269.0910
06-30-2011	2011	Rhode Island	26	2,171,208,741	260	43,682,246	1,989.4387
06-30-2011	2011	South Carolina	106	3,394,060,504	1,441	67,871,708	755.8576
06-30-2011	2011	South Dakota	92	1,609,200,065	480	84,909,031	6,249.7536
06-30-2011	2011	Tennessee	230	3,752,285,227	2,293	116,716,017	586.8342
06-30-2011	2011	Texas	663	7,236,536,098	6,875	543,733,476	726.6209
06-30-2011	2011	Utah	71	5,414,195,764	604	293,722,631	951.3148
06-30-2011	2011	Vermont	23	431,172,536	266	10,923,718	1,248.4094
06-30-2011	2011	Virgin Islands Of The U.S.	0	-	-	-	-
06-30-2011	2011	Virginia	151	5,514,983,724	2,687	227,963,434	869.5047
06-30-2011	2011	Washington	105	5,375,889,343	1,891	109,263,750	868.7295
06-30-2011	2011	West Virginia	83	2,738,891,602	671	29,153,082	628.2411
06-30-2011	2011	Wisconsin	296	3,874,569,738	2,320	128,627,770	697.1262
06-30-2011	2011	Wyoming	47	1,574,479,929	231	12,413,460	746.4358
06-30-2012	2012	Alabama	172	2,237,114,616	1,572	84,594,715	941.1395
06-30-2012	2012	Alaska	8	1,358,568,402	132	10,138,518	3,314.7916
06-30-2012	2012	American Samoa	2	14,089,942	5	189,195	5,005.8059
06-30-2012	2012	Arizona	74	5,583,898,351	1,360	86,752,956	1,753.0849
06-30-2012	2012	Arkansas	144	3,501,999,500	1,447	53,384,259	373.6005
06-30-2012	2012	California	295	7,462,372,262	7,296	953,488,266	1,173.7376
06-30-2012	2012	Colorado	156	5,500,799,917	1,623	99,634,136	961.3174
06-30-2012	2012	Connecticut	71	7,185,106,245	1,293	102,651,205	990.6128
06-30-2012	2012	Delaware	41	5,738,512,512	293	363,745,983	1,783.1383
06-30-2012	2012	District Of Columbia	35	7,475,144,350	244	33,135,034	1,210.7584
06-30-2012	2012	Federated States Of Micronesia	2	1,315,751	8	194,519	5,118.0508
06-30-2012	2012	Florida	292	8,537,683,757	5,601	423,907,631	790.3224
06-30-2012	2012	Georgia	278	6,203,051,706	2,651	186,242,989	890.1960
06-30-2012	2012	Guam	7	1,345,460,536	33	2,247,862	2,186.3252
06-30-2012	2012	Hawaii	13	53,404,121	280	33,166,534	2,625.3882
06-30-2012	2012	Idaho	35	5,203,010,062	536	19,490,175	1,029.8350
06-30-2012	2012	Illinois	624	7,627,636,534	4,887	393,026,185	532.5966
06-30-2012	2012	Indiana	180	6,086,606,857	2,352	102,166,509	442.1898
06-30-2012	2012	Iowa	362	3,385,055,733	1,599	72,825,523	195.2064
06-30-2012	2012	Kansas	348	3,467,704,531	1,533	62,909,542	219.6475
06-30-2012	2012	Kentucky	221	3,195,240,256	1,781	70,913,570	307.4880
06-30-2012	2012	Louisiana	158	2,361,643,177	1,631	88,771,454	911.8200
06-30-2012	2012	Maine	33	1,829,662,031	517	33,579,769	1,350.3713
06-30-2012	2012	Marshall Islands	1	1,211,571	1	48,129	10,000.0000
06-30-2012	2012	Maryland	123	5,651,627,703	1,752	120,829,935	940.4506
06-30-2012	2012	Massachusetts	185	6,100,097,189	2,210	271,509,666	1,002.8787
06-30-2012	2012	Michigan	160	5,589,021,144	2,949	166,627,322	815.7683
06-30-2012	2012	Minnesota	428	3,479,313,674	1,801	200,975,063	2,383.1691
06-30-2012	2012	Mississippi	104	1,659,754,084	1,203	46,437,404	638.7442
06-30-2012	2012	Missouri	377	2,908,652,279	2,423	141,785,613	425.1434
06-30-2012	2012	Montana	72	1,647,371,574	394	18,895,747	850.1410
06-30-2012	2012	Nebraska	229	1,768,235,939	1,082	51,666,365	438.7908
06-30-2012	2012	Nevada	48	6,788,901,018	544	112,962,920	3,504.5861
06-30-2012	2012	New Hampshire	41	1,920,524,894	429	27,915,892	1,346.6170
06-30-2012	2012	New Jersey	162	7,524,865,493	3,277	268,444,413	687.7595
06-30-2012	2012	New Mexico	64	3,302,288,820	512	26,180,639	973.9186
06-30-2012	2012	New York	236	8,555,087,646	5,441	1,065,665,215	1,593.3069
06-30-2012	2012	North Carolina	119	3,964,212,473	2,720	341,761,115	2,872.6306
06-30-2012	2012	North Dakota	98	1,711,186,002	439	21,285,142	356.3060
06-30-2012	2012	Northern Mariana Islands	3	31,616,772	9	468,270	3,423.9511
06-30-2012	2012	Ohio	264	5,808,918,294	4,026	243,952,787	760.1316
06-30-2012	2012	Oklahoma	255	3,623,121,916	1,397	74,431,118	398.2962
06-30-2012	2012	Oregon	61	5,639,116,453	1,125	66,195,027	986.5157
06-30-2012	2012	Palau	2	1,332,656	2	57,313	6,306.8586
06-30-2012	2012	Pennsylvania	241	7,790,295,220	4,647	312,490,626	720.4418
06-30-2012	2012	Puerto Rico	9	1,384,576,939	433	53,491,569	2,089.9146
06-30-2012	2012	Rhode Island	26	2,223,888,660	259	44,916,379	1,987.0201
06-30-2012	2012	South Carolina	94	3,806,022,614	1,401	67,387,036	799.8957
06-30-2012	2012	South Dakota	92	3,045,299,338	475	315,046,692	5,515.6401
06-30-2012	2012	Tennessee	227	3,915,950,499	2,275	118,395,310	591.6269
06-30-2012	2012	Texas	648	7,774,130,723	6,856	599,030,737	721.9960
06-30-2012	2012	Utah	66	4,228,224,085	598	339,597,307	963.9283
06-30-2012	2012	Vermont	24	451,999,125	257	11,705,166	1,271.8674
06-30-2012	2012	Virgin Islands Of The U.S.	0	-	-	-	-
06-30-2012	2012	Virginia	149	5,815,646,378	2,644	248,783,158	896.5962
06-30-2012	2012	Washington	103	7,107,190,065	1,876	113,262,208	888.6843
06-30-2012	2012	West Virginia	82	2,890,140,276	671	30,279,108	683.8713
06-30-2012	2012	Wisconsin	295	4,211,398,839	2,287	132,811,894	780.8869
06-30-2012	2012	Wyoming	46	1,702,336,428	228	13,008,274	736.1841
06-30-2013	2013	Alabama	171	2,377,836,637	1,566	86,102,041	933.7211
06-30-2013	2013	Alaska	8	1,469,610,238	132	10,126,826	3,312.8691
06-30-2013	2013	American Samoa	2	14,443,611	5	175,463	5,795.1243
06-30-2013	2013	Arizona	71	5,752,760,403	1,338	91,855,196	1,793.9737
06-30-2013	2013	Arkansas	146	3,583,037,863	1,442	53,116,647	362.8956
06-30-2013	2013	California	276	7,701,951,958	7,296	1,015,821,377	1,162.3983
06-30-2013	2013	Colorado	152	5,664,946,625	1,589	105,676,170	972.5515
06-30-2013	2013	Connecticut	70	7,336,903,746	1,278	107,088,246	1,017.9946
06-30-2013	2013	Delaware	40	5,857,671,760	286	396,243,346	1,753.5904
06-30-2013	2013	District Of Columbia	35	7,636,891,825	241	36,465,889	1,204.3880
06-30-2013	2013	Federated States Of Micronesia	2	1,395,510	8	208,044	5,080.0139
06-30-2013	2013	Florida	281	8,809,658,883	5,548	441,108,264	780.3290
06-30-2013	2013	Georgia	267	6,368,898,210	2,576	187,642,255	928.7385
06-30-2013	2013	Guam	6	1,388,404,551	29	2,337,123	2,248.4177
06-30-2013	2013	Hawaii	13	55,857,599	280	33,777,805	2,589.4882
06-30-2013	2013	Idaho	35	5,345,548,378	531	20,225,254	1,027.0380
06-30-2013	2013	Illinois	601	7,835,896,439	4,822	408,472,361	572.1125
06-30-2013	2013	Indiana	173	6,229,146,710	2,284	105,190,850	459.2811
06-30-2013	2013	Iowa	358	3,467,131,995	1,591	73,875,397	194.8455
06-30-2013	2013	Kansas	332	3,591,387,259	1,518	64,546,562	225.7378
06-30-2013	2013	Kentucky	213	3,287,542,940	1,752	70,525,768	311.0735
06-30-2013	2013	Louisiana	154	2,396,233,491	1,633	93,507,722	931.2380
06-30-2013	2013	Maine	32	1,810,980,139	515	37,735,947	1,739.7490
06-30-2013	2013	Marshall Islands	1	1,283,354	1	63,070	10,000.0000
06-30-2013	2013	Maryland	120	5,785,137,745	1,724	121,259,543	947.1439
06-30-2013	2013	Massachusetts	181	6,279,260,942	2,218	288,381,314	1,040.4771
06-30-2013	2013	Michigan	156	5,742,287,973	2,918	168,912,677	857.6670
06-30-2013	2013	Minnesota	414	3,575,189,033	1,776	211,926,060	2,578.2536
06-30-2013	2013	Mississippi	105	1,768,053,986	1,194	47,663,828	613.1142
06-30-2013	2013	Missouri	356	2,912,053,592	2,394	150,589,096	453.2685
06-30-2013	2013	Montana	71	1,762,233,723	397	19,883,649	870.6139
06-30-2013	2013	Nebraska	224	1,898,526,644	1,090	55,128,936	459.6318
06-30-2013	2013	Nevada	46	6,951,625,098	535	133,807,665	4,017.7264
06-30-2013	2013	New Hampshire	41	1,881,530,327	432	28,239,795	1,343.0278
06-30-2013	2013	New Jersey	158	7,704,085,983	3,241	276,313,267	729.3179
06-30-2013	2013	New Mexico	63	3,392,094,029	514	27,157,019	990.9529
06-30-2013	2013	New York	225	8,788,758,512	5,382	1,147,892,634	1,599.6828
06-30-2013	2013	North Carolina	111	4,068,310,719	2,634	348,055,186	2,871.3563
06-30-2013	2013	North Dakota	97	1,832,658,399	437	23,099,190	362.5358
06-30-2013	2013	Northern Mariana Islands	3	32,493,164	9	524,155	3,472.3589
06-30-2013	2013	Ohio	258	4,696,683,935	3,977	257,967,301	801.5644
06-30-2013	2013	Oklahoma	249	3,655,390,751	1,385	75,889,730	386.8024
06-30-2013	2013	Oregon	57	5,784,281,806	1,100	58,598,885	1,116.9548
06-30-2013	2013	Palau	2	1,407,658	2	61,067	6,414.1928
06-30-2013	2013	Pennsylvania	235	7,995,783,960	4,584	315,329,062	769.8124
06-30-2013	2013	Puerto Rico	8	1,423,695,640	419	52,516,432	2,105.6452
06-30-2013	2013	Rhode Island	23	2,165,765,128	258	28,829,382	2,580.8538
06-30-2013	2013	South Carolina	93	3,900,637,445	1,376	68,485,490	848.6801
06-30-2013	2013	South Dakota	87	3,214,613,756	468	376,226,086	5,491.3617
06-30-2013	2013	Tennessee	223	4,013,921,757	2,259	118,553,889	581.1163
06-30-2013	2013	Texas	612	7,948,306,770	6,853	652,052,827	764.7940
06-30-2013	2013	Utah	65	4,432,660,127	587	392,346,382	999.8572
06-30-2013	2013	Vermont	24	463,941,586	256	11,745,641	1,273.2636
06-30-2013	2013	Virgin Islands Of The U.S.	0	-	-	-	-
06-30-2013	2013	Virginia	145	5,936,263,156	2,608	240,786,872	882.1815
06-30-2013	2013	Washington	98	5,979,887,924	1,864	117,772,340	916.4856
06-30-2013	2013	West Virginia	81	2,974,066,121	670	30,623,983	675.9393
06-30-2013	2013	Wisconsin	285	4,417,938,184	2,265	129,713,962	718.1420
06-30-2013	2013	Wyoming	46	1,828,401,625	229	13,491,729	770.0107
06-30-2014	2014	Alabama	170	2,615,497,216	1,553	88,903,398	988.8288
06-30-2014	2014	Alaska	7	1,630,431,474	130	10,661,883	3,278.0660
06-30-2014	2014	American Samoa	2	15,155,228	3	160,673	5,884.8866
06-30-2014	2014	Arizona	67	6,264,533,789	1,314	97,220,354	1,764.9410
06-30-2014	2014	Arkansas	137	3,947,980,080	1,388	53,811,807	423.9567
06-30-2014	2014	California	256	8,254,140,774	7,267	1,086,090,434	1,142.3667
06-30-2014	2014	Colorado	148	6,165,403,861	1,572	109,415,607	1,004.5466
06-30-2014	2014	Connecticut	64	7,842,590,401	1,259	113,194,486	1,089.9989
06-30-2014	2014	Delaware	41	6,113,473,805	278	415,539,631	1,698.6045
06-30-2014	2014	District Of Columbia	34	8,467,780,790	235	41,313,202	1,225.2245
06-30-2014	2014	Federated States Of Micronesia	2	1,590,278	8	232,176	5,091.2195
06-30-2014	2014	Florida	267	9,434,789,837	5,450	462,364,446	773.2011
06-30-2014	2014	Georgia	259	7,055,456,934	2,526	197,002,674	979.3777
06-30-2014	2014	Guam	6	1,391,316,741	27	2,354,157	2,815.4398
06-30-2014	2014	Hawaii	13	59,632,875	282	36,575,935	2,638.5764
06-30-2014	2014	Idaho	34	5,834,527,218	520	20,551,233	1,091.9194
06-30-2014	2014	Illinois	590	8,290,852,541	4,697	435,589,565	641.9926
06-30-2014	2014	Indiana	165	5,190,977,774	2,221	108,005,547	490.0481
06-30-2014	2014	Iowa	349	3,820,994,152	1,583	75,679,893	203.6155
06-30-2014	2014	Kansas	329	3,970,345,212	1,491	66,385,350	223.1542
06-30-2014	2014	Kentucky	208	3,416,973,550	1,724	71,297,047	323.5284
06-30-2014	2014	Louisiana	152	2,558,644,182	1,593	96,152,029	905.6398
06-30-2014	2014	Maine	32	1,970,036,719	499	37,787,394	1,624.1160
06-30-2014	2014	Marshall Islands	1	1,465,782	1	70,256	10,000.0000
06-30-2014	2014	Maryland	116	6,189,153,757	1,669	123,617,636	971.7859
06-30-2014	2014	Massachusetts	178	8,213,069,788	2,227	346,200,609	1,370.3902
06-30-2014	2014	Michigan	151	6,249,681,196	2,846	176,935,025	918.5168
06-30-2014	2014	Minnesota	399	3,944,732,945	1,752	254,855,681	3,089.0493
06-30-2014	2014	Mississippi	104	1,965,527,971	1,177	47,900,066	626.1684
06-30-2014	2014	Missouri	351	4,687,131,794	2,373	157,689,485	475.0741
06-30-2014	2014	Montana	71	1,963,333,672	399	20,611,173	860.9679
06-30-2014	2014	Nebraska	215	2,107,340,072	1,090	58,085,822	551.8834
06-30-2014	2014	Nevada	45	7,401,479,743	527	148,583,779	4,225.3967
06-30-2014	2014	New Hampshire	42	2,052,306,566	431	28,897,852	1,306.3171
06-30-2014	2014	New Jersey	148	8,233,845,852	3,171	286,333,238	728.1337
06-30-2014	2014	New Mexico	63	3,750,537,596	510	28,278,775	1,053.2297
06-30-2014	2014	New York	221	9,403,821,482	5,308	1,293,244,243	1,522.2395
06-30-2014	2014	North Carolina	100	4,444,151,311	2,571	339,873,308	2,593.9602
06-30-2014	2014	North Dakota	95	2,035,077,163	429	24,843,080	378.7837
06-30-2014	2014	Northern Mariana Islands	3	34,416,099	8	550,061	3,556.0547
06-30-2014	2014	Ohio	249	5,100,313,018	3,879	271,529,295	813.8824
06-30-2014	2014	Oklahoma	241	3,943,685,448	1,381	79,405,281	405.6513
06-30-2014	2014	Oregon	55	6,286,529,861	1,065	61,993,096	1,162.6497
06-30-2014	2014	Palau	2	1,601,655	2	70,996	6,468.5275
06-30-2014	2014	Pennsylvania	231	8,550,470,843	4,477	318,418,249	808.6418
06-30-2014	2014	Puerto Rico	8	1,420,833,721	391	55,043,624	2,192.2226
06-30-2014	2014	Rhode Island	22	2,361,698,364	261	27,067,838	2,288.9110
06-30-2014	2014	South Carolina	91	4,302,875,117	1,358	69,908,703	890.2599
06-30-2014	2014	South Dakota	85	3,423,760,410	462	417,975,709	5,187.0239
06-30-2014	2014	Tennessee	219	4,399,438,861	2,221	122,135,494	563.7000
06-30-2014	2014	Texas	579	8,524,690,739	6,808	719,813,272	883.1868
06-30-2014	2014	Utah	63	4,844,089,003	575	448,587,179	1,064.5102
06-30-2014	2014	Vermont	23	491,453,427	251	11,776,548	1,261.5018
06-30-2014	2014	Virgin Islands Of The U.S.	0	-	-	-	-
06-30-2014	2014	Virginia	139	6,339,822,021	2,537	239,964,815	867.5015
06-30-2014	2014	Washington	92	6,496,620,249	1,832	122,991,464	906.8946
06-30-2014	2014	West Virginia	78	3,178,659,462	661	31,003,188	647.1908
06-30-2014	2014	Wisconsin	278	4,796,618,906	2,203	136,507,541	799.6987
06-30-2014	2014	Wyoming	46	2,034,315,839	230	13,928,497	787.3801
06-30-2015	2015	Alabama	169	2,766,626,564	1,533	91,442,226	934.6758
06-30-2015	2015	Alaska	7	1,709,858,562	129	11,481,434	3,383.3080
06-30-2015	2015	American Samoa	2	15,822,729	3	174,216	5,768.1249
06-30-2015	2015	Arizona	66	6,314,769,221	1,287	105,623,399	1,752.6860
06-30-2015	2015	Arkansas	129	4,133,355,664	1,365	56,497,725	457.0684
06-30-2015	2015	California	242	8,315,228,297	7,099	1,161,213,120	1,108.0013
06-30-2015	2015	Colorado	145	6,235,257,466	1,543	116,721,151	978.4729
06-30-2015	2015	Connecticut	63	7,753,343,909	1,235	120,399,743	1,084.4707
06-30-2015	2015	Delaware	40	6,368,498,922	274	344,553,476	1,630.7742
06-30-2015	2015	District Of Columbia	35	8,552,153,973	232	44,775,841	1,313.1562
06-30-2015	2015	Federated States Of Micronesia	2	1,673,419	8	247,127	5,051.8634
06-30-2015	2015	Florida	254	9,631,042,492	5,387	502,929,707	794.3686
06-30-2015	2015	Georgia	248	7,161,987,961	2,482	213,282,287	1,014.6661
06-30-2015	2015	Guam	6	1,336,635,479	26	2,414,208	2,805.9747
06-30-2015	2015	Hawaii	13	66,990,419	279	38,407,433	2,656.2071
06-30-2015	2015	Idaho	33	5,894,127,321	517	21,771,198	1,095.8088
06-30-2015	2015	Illinois	564	8,313,118,527	4,629	465,413,386	646.4862
06-30-2015	2015	Indiana	161	5,194,485,439	2,185	113,401,156	506.0336
06-30-2015	2015	Iowa	339	3,997,758,365	1,562	78,297,487	204.9743
06-30-2015	2015	Kansas	320	4,177,945,673	1,472	68,159,518	226.5427
06-30-2015	2015	Kentucky	196	3,323,643,517	1,701	74,726,717	372.1263
06-30-2015	2015	Louisiana	147	2,431,892,454	1,584	99,971,072	886.0770
06-30-2015	2015	Maine	32	2,047,553,137	501	24,926,564	651.2008
06-30-2015	2015	Marshall Islands	1	1,544,313	1	90,614	10,000.0000
06-30-2015	2015	Maryland	112	6,294,913,930	1,618	130,612,348	1,001.9792
06-30-2015	2015	Massachusetts	172	8,241,657,957	2,191	371,438,781	1,453.3380
06-30-2015	2015	Michigan	142	6,278,512,069	2,743	190,536,264	914.6194
06-30-2015	2015	Minnesota	380	4,125,601,681	1,745	213,087,062	2,282.0077
06-30-2015	2015	Mississippi	100	2,058,503,421	1,159	49,565,071	630.0125
06-30-2015	2015	Missouri	344	4,914,743,918	2,354	157,147,753	446.5265
06-30-2015	2015	Montana	65	2,060,971,313	392	21,346,197	965.3277
06-30-2015	2015	Nebraska	211	2,214,468,617	1,074	60,384,979	539.2044
06-30-2015	2015	Nevada	45	7,416,090,333	504	169,288,937	4,517.2913
06-30-2015	2015	New Hampshire	42	2,165,905,745	430	31,273,802	1,372.5854
06-30-2015	2015	New Jersey	146	8,284,616,720	3,112	301,749,007	724.3231
06-30-2015	2015	New Mexico	59	3,933,046,183	497	30,156,556	1,065.1621
06-30-2015	2015	New York	217	9,523,543,158	5,270	1,381,041,586	1,464.4740
06-30-2015	2015	North Carolina	99	4,691,826,437	2,527	353,353,293	2,758.7719
06-30-2015	2015	North Dakota	88	2,146,878,009	429	25,864,830	406.4086
06-30-2015	2015	Northern Mariana Islands	3	36,355,665	8	647,464	3,482.5551
06-30-2015	2015	Ohio	235	5,311,742,747	3,839	295,043,994	843.0862
06-30-2015	2015	Oklahoma	233	3,873,610,230	1,351	83,088,487	425.7120
06-30-2015	2015	Oregon	51	6,167,159,208	1,048	65,738,823	1,172.1079
06-30-2015	2015	Palau	2	1,674,828	2	99,891	7,031.2965
06-30-2015	2015	Pennsylvania	222	8,471,149,123	4,393	356,316,269	805.2256
06-30-2015	2015	Puerto Rico	7	1,358,066,893	377	67,912,336	2,765.8909
06-30-2015	2015	Rhode Island	23	2,498,278,418	263	28,023,693	2,274.1927
06-30-2015	2015	South Carolina	90	4,540,963,954	1,324	75,106,371	929.6142
06-30-2015	2015	South Dakota	85	3,488,956,936	467	450,487,744	4,741.5928
06-30-2015	2015	Tennessee	214	4,625,408,243	2,186	131,392,718	586.4457
06-30-2015	2015	Texas	556	8,597,017,161	6,730	730,504,453	844.7492
06-30-2015	2015	Utah	63	4,866,147,482	570	515,518,038	1,076.8101
06-30-2015	2015	Vermont	23	518,520,506	248	12,091,163	1,238.6275
06-30-2015	2015	Virgin Islands Of The U.S.	0	-	-	-	-
06-30-2015	2015	Virginia	140	6,587,486,848	2,524	278,289,947	993.2250
06-30-2015	2015	Washington	90	6,559,684,072	1,791	135,162,380	957.6853
06-30-2015	2015	West Virginia	78	3,084,703,573	657	31,680,694	649.4216
06-30-2015	2015	Wisconsin	269	4,777,219,095	2,168	140,261,259	798.0936
06-30-2015	2015	Wyoming	46	2,195,001,686	225	14,816,725	765.4487
06-30-2016	2016	Alabama	166	2,936,707,937	1,520	97,111,546	890.3411
06-30-2016	2016	Alaska	7	1,867,960,151	127	12,052,051	3,193.2095
06-30-2016	2016	American Samoa	2	16,841,668	3	158,582	6,019.0400
06-30-2016	2016	Arizona	66	6,761,307,101	1,248	114,676,634	1,723.4601
06-30-2016	2016	Arkansas	127	4,343,395,321	1,354	60,770,085	487.9191
06-30-2016	2016	California	226	8,739,202,435	6,992	1,269,490,634	1,053.7677
06-30-2016	2016	Colorado	141	6,717,621,494	1,517	125,337,801	965.5431
06-30-2016	2016	Connecticut	62	8,297,910,454	1,212	129,216,977	1,027.6102
06-30-2016	2016	Delaware	41	6,665,669,825	270	356,600,131	1,795.6650
06-30-2016	2016	District Of Columbia	32	8,930,086,191	229	45,996,063	1,294.4936
06-30-2016	2016	Federated States Of Micronesia	2	2,066,486	8	264,010	5,019.6531
06-30-2016	2016	Florida	241	10,249,380,062	5,287	541,660,075	771.0125
06-30-2016	2016	Georgia	237	7,654,545,922	2,439	225,317,093	1,039.1097
06-30-2016	2016	Guam	5	38,513,021	24	2,581,652	2,916.3487
06-30-2016	2016	Hawaii	12	64,987,469	276	40,756,473	2,634.4652
06-30-2016	2016	Idaho	32	6,299,801,726	502	23,202,917	1,085.5060
06-30-2016	2016	Illinois	540	8,737,798,995	4,503	473,229,977	624.0235
06-30-2016	2016	Indiana	155	5,588,132,423	2,125	118,780,092	500.3868
06-30-2016	2016	Iowa	331	4,196,823,867	1,549	80,471,168	202.2359
06-30-2016	2016	Kansas	314	4,388,705,784	1,465	70,381,106	232.3860
06-30-2016	2016	Kentucky	190	3,571,040,289	1,689	76,523,294	360.5477
06-30-2016	2016	Louisiana	143	2,618,806,744	1,555	102,149,014	865.4948
06-30-2016	2016	Maine	31	2,153,693,696	486	26,790,989	699.3008
06-30-2016	2016	Marshall Islands	1	1,918,461	1	116,021	10,000.0000
06-30-2016	2016	Maryland	100	6,604,308,650	1,591	136,171,426	1,016.3227
06-30-2016	2016	Massachusetts	169	8,609,462,413	2,192	356,367,522	1,199.2164
06-30-2016	2016	Michigan	136	6,687,986,961	2,714	200,399,519	913.6103
06-30-2016	2016	Minnesota	372	4,347,663,969	1,738	222,060,502	2,322.8464
06-30-2016	2016	Mississippi	98	2,197,422,931	1,160	50,639,689	610.6797
06-30-2016	2016	Missouri	336	5,009,101,443	2,345	165,985,442	449.6900
06-30-2016	2016	Montana	63	2,202,071,934	385	22,309,180	973.2850
06-30-2016	2016	Nebraska	202	2,370,192,598	1,074	63,088,898	548.4429
06-30-2016	2016	Nevada	48	7,964,090,955	503	204,423,116	4,680.2713
06-30-2016	2016	New Hampshire	42	2,233,798,068	429	31,901,607	1,348.8444
06-30-2016	2016	New Jersey	140	9,229,338,411	3,047	313,790,327	735.8104
06-30-2016	2016	New Mexico	58	4,184,599,734	487	30,683,526	1,139.3411
06-30-2016	2016	New York	212	10,091,409,560	5,175	1,534,329,319	1,477.7091
06-30-2016	2016	North Carolina	93	5,016,577,428	2,481	347,370,883	2,601.4662
06-30-2016	2016	North Dakota	87	2,307,783,696	429	26,142,191	414.2799
06-30-2016	2016	Northern Mariana Islands	4	38,136,979	8	582,261	4,876.2686
06-30-2016	2016	Ohio	232	5,708,320,455	3,784	323,662,580	901.9854
06-30-2016	2016	Oklahoma	228	4,102,825,034	1,350	83,725,620	415.6564
06-30-2016	2016	Oregon	51	6,657,046,191	1,026	71,189,658	1,153.8911
06-30-2016	2016	Palau	3	18,525,981	3	269,901	4,303.3774
06-30-2016	2016	Pennsylvania	208	8,916,913,347	4,300	365,848,869	825.0535
06-30-2016	2016	Puerto Rico	7	1,408,192,583	334	68,075,957	2,833.1911
06-30-2016	2016	Rhode Island	22	2,216,414,059	262	28,770,297	2,218.4430
06-30-2016	2016	South Carolina	86	4,778,881,669	1,288	79,022,916	926.7202
06-30-2016	2016	South Dakota	84	3,693,565,960	470	454,260,030	4,554.3032
06-30-2016	2016	Tennessee	207	4,866,488,385	2,154	138,282,871	588.6454
06-30-2016	2016	Texas	543	9,167,872,260	6,681	769,160,085	828.0368
06-30-2016	2016	Utah	57	5,267,388,072	544	563,128,203	1,279.6820
06-30-2016	2016	Vermont	23	597,421,241	243	12,619,859	1,227.1899
06-30-2016	2016	Virgin Islands Of The U.S.	0	-	-	-	-
06-30-2016	2016	Virginia	137	6,908,814,360	2,476	287,176,065	1,019.1797
06-30-2016	2016	Washington	87	7,079,479,366	1,758	143,085,138	944.0908
06-30-2016	2016	West Virginia	76	3,322,995,129	647	31,529,701	651.2460
06-30-2016	2016	Wisconsin	257	5,142,116,576	2,129	143,503,620	762.9533
06-30-2016	2016	Wyoming	45	2,347,351,690	224	15,451,315	802.4158
06-30-2017	2017	Alabama	161	3,015,366,457	1,496	100,424,571	867.9133
06-30-2017	2017	Alaska	7	1,889,527,617	127	12,168,954	3,202.9428
06-30-2017	2017	American Samoa	2	17,392,142	3	177,141	5,992.5697
06-30-2017	2017	Arizona	67	7,124,828,638	1,212	124,708,085	1,641.8567
06-30-2017	2017	Arkansas	122	4,472,477,895	1,346	64,161,737	507.8002
06-30-2017	2017	California	217	9,005,820,369	6,902	1,353,501,664	1,034.6381
06-30-2017	2017	Colorado	140	6,940,147,362	1,491	132,584,197	977.3878
06-30-2017	2017	Connecticut	62	8,662,013,743	1,183	133,294,530	1,018.2973
06-30-2017	2017	Delaware	42	6,858,381,894	267	358,505,331	1,907.0877
06-30-2017	2017	District Of Columbia	30	9,198,354,394	221	47,135,855	1,276.9743
06-30-2017	2017	Federated States Of Micronesia	2	2,107,138	8	310,802	5,058.9939
06-30-2017	2017	Florida	228	10,558,035,805	5,136	563,792,853	765.6874
06-30-2017	2017	Georgia	227	7,918,188,253	2,347	240,826,362	1,058.3243
06-30-2017	2017	Guam	5	40,051,607	24	2,790,623	2,918.2342
06-30-2017	2017	Hawaii	12	68,810,895	273	44,210,816	2,626.6719
06-30-2017	2017	Idaho	32	6,481,841,909	496	25,046,302	1,033.9027
06-30-2017	2017	Illinois	518	9,138,041,955	4,385	479,478,281	603.3488
06-30-2017	2017	Indiana	150	5,748,391,456	2,070	124,439,586	504.4508
06-30-2017	2017	Iowa	327	4,322,119,174	1,538	83,888,033	200.3154
06-30-2017	2017	Kansas	301	4,540,209,713	1,452	73,328,760	231.0847
06-30-2017	2017	Kentucky	180	3,679,243,605	1,664	79,290,786	364.0100
06-30-2017	2017	Louisiana	140	2,688,576,427	1,521	104,702,846	919.2784
06-30-2017	2017	Maine	31	2,255,494,881	484	27,924,083	675.8485
06-30-2017	2017	Marshall Islands	1	1,962,734	1	161,552	10,000.0000
06-30-2017	2017	Maryland	95	6,761,705,388	1,542	142,885,770	1,013.8052
06-30-2017	2017	Massachusetts	158	7,360,441,981	2,176	350,006,796	1,130.6493
06-30-2017	2017	Michigan	126	6,899,608,773	2,599	210,602,492	956.1614
06-30-2017	2017	Minnesota	363	4,569,965,927	1,701	234,181,047	2,232.9300
06-30-2017	2017	Mississippi	99	2,238,678,091	1,146	53,061,218	611.3904
06-30-2017	2017	Missouri	324	5,192,104,366	2,306	177,519,248	453.0598
06-30-2017	2017	Montana	59	2,241,398,175	383	23,000,599	1,008.5157
06-30-2017	2017	Nebraska	194	2,411,149,810	1,080	64,351,964	548.0283
06-30-2017	2017	Nevada	47	8,226,629,302	497	231,192,461	5,066.7745
06-30-2017	2017	New Hampshire	41	2,332,818,741	422	33,080,313	1,307.5373
06-30-2017	2017	New Jersey	137	9,555,928,368	2,979	331,060,493	746.6647
06-30-2017	2017	New Mexico	58	4,312,037,186	472	30,559,059	1,081.7637
06-30-2017	2017	New York	212	10,426,172,019	5,038	1,683,281,581	1,425.4397
06-30-2017	2017	North Carolina	92	5,210,811,318	2,418	363,305,861	2,703.3714
06-30-2017	2017	North Dakota	86	2,351,387,490	428	27,297,795	416.4186
06-30-2017	2017	Northern Mariana Islands	4	39,721,169	8	909,203	3,478.0052
06-30-2017	2017	Ohio	223	5,875,001,732	3,669	336,516,003	978.0511
06-30-2017	2017	Oklahoma	227	4,240,695,895	1,351	86,264,797	407.3998
06-30-2017	2017	Oregon	49	6,849,908,916	1,003	75,915,709	1,136.9610
06-30-2017	2017	Palau	3	19,168,944	3	265,764	4,150.6359
06-30-2017	2017	Pennsylvania	196	7,885,059,674	4,220	389,653,462	782.1347
06-30-2017	2017	Puerto Rico	7	1,448,140,334	324	74,051,391	2,998.8740
06-30-2017	2017	Rhode Island	22	2,306,948,634	258	30,239,904	2,262.6571
06-30-2017	2017	South Carolina	84	4,993,520,175	1,274	84,506,141	928.3439
06-30-2017	2017	South Dakota	83	3,779,361,294	465	536,624,614	4,569.7133
06-30-2017	2017	Tennessee	199	5,011,704,488	2,115	147,560,415	593.1011
06-30-2017	2017	Texas	529	9,480,432,365	6,504	818,120,434	891.4514
06-30-2017	2017	Utah	55	5,426,740,169	536	467,110,177	1,188.3958
06-30-2017	2017	Vermont	23	641,837,603	239	13,137,340	1,231.5325
06-30-2017	2017	Virgin Islands Of The U.S.	0	-	-	-	-
06-30-2017	2017	Virginia	126	7,142,422,408	2,389	307,654,200	1,030.3335
06-30-2017	2017	Washington	83	7,282,708,390	1,741	153,876,655	959.1119
06-30-2017	2017	West Virginia	74	3,404,576,300	638	32,945,050	674.2336
06-30-2017	2017	Wisconsin	241	5,396,463,337	2,034	155,033,560	849.2836
06-30-2017	2017	Wyoming	46	2,395,508,147	222	15,337,403	769.7032
06-30-2018	2018	Alabama	156	3,028,043,527	1,465	100,931,877	839.4552
06-30-2018	2018	Alaska	7	1,833,847,025	123	11,908,192	3,168.2637
06-30-2018	2018	American Samoa	2	17,433,880	3	159,700	5,816.3127
06-30-2018	2018	Arizona	67	7,232,712,150	1,177	131,673,355	1,530.7451
06-30-2018	2018	Arkansas	119	4,477,665,449	1,345	66,661,127	547.2146
06-30-2018	2018	California	206	9,192,120,702	6,840	1,397,409,099	1,031.4008
06-30-2018	2018	Colorado	135	7,038,026,725	1,482	137,652,448	960.6055
06-30-2018	2018	Connecticut	61	8,784,918,455	1,159	135,538,924	1,055.2173
06-30-2018	2018	Delaware	42	6,904,407,239	268	398,805,023	1,976.1992
06-30-2018	2018	District Of Columbia	30	9,343,009,047	216	51,442,558	1,443.8732
06-30-2018	2018	Federated States Of Micronesia	2	2,052,664	8	339,462	5,058.0660
06-30-2018	2018	Florida	211	10,737,358,853	4,982	585,831,860	752.1133
06-30-2018	2018	Georgia	222	8,034,001,422	2,313	250,359,707	1,010.9119
06-30-2018	2018	Guam	5	40,163,137	23	2,864,148	2,895.8857
06-30-2018	2018	Hawaii	12	71,912,908	271	44,838,924	2,577.9709
06-30-2018	2018	Idaho	32	6,559,669,963	490	25,926,979	1,013.6215
06-30-2018	2018	Illinois	502	9,251,267,545	4,306	482,579,125	599.7861
06-30-2018	2018	Indiana	145	7,599,214,240	2,012	131,405,078	487.3407
06-30-2018	2018	Iowa	324	4,306,986,123	1,519	86,730,103	195.3188
06-30-2018	2018	Kansas	289	4,561,133,923	1,439	74,623,217	230.6829
06-30-2018	2018	Kentucky	178	3,781,623,653	1,635	81,800,896	371.1428
06-30-2018	2018	Louisiana	131	2,791,708,878	1,471	103,515,028	883.5088
06-30-2018	2018	Maine	31	2,309,080,305	472	29,418,793	663.6223
06-30-2018	2018	Marshall Islands	1	1,888,372	1	154,689	10,000.0000
06-30-2018	2018	Maryland	87	6,810,290,182	1,491	144,990,716	1,006.8349
06-30-2018	2018	Massachusetts	151	7,499,965,722	2,155	397,357,998	1,322.3404
06-30-2018	2018	Michigan	122	6,974,081,356	2,514	217,532,592	927.4590
06-30-2018	2018	Minnesota	348	4,543,976,567	1,682	230,613,974	1,995.1901
06-30-2018	2018	Mississippi	94	2,201,176,801	1,142	53,806,139	630.0070
06-30-2018	2018	Missouri	312	5,452,692,358	2,292	163,010,314	465.6613
06-30-2018	2018	Montana	56	2,190,002,082	379	23,757,416	1,123.0964
06-30-2018	2018	Nebraska	188	2,360,220,111	1,074	64,422,429	557.8009
06-30-2018	2018	Nevada	48	8,381,335,082	495	274,215,972	4,993.4121
06-30-2018	2018	New Hampshire	41	2,398,687,002	417	34,430,737	1,293.9302
06-30-2018	2018	New Jersey	129	9,832,900,602	2,887	333,931,764	741.7694
06-30-2018	2018	New Mexico	58	4,303,043,282	467	31,335,336	1,052.7088
06-30-2018	2018	New York	210	10,662,747,777	4,960	1,691,550,944	1,348.6048
06-30-2018	2018	North Carolina	84	5,286,584,347	2,313	366,362,661	2,626.3486
06-30-2018	2018	North Dakota	85	2,298,681,046	427	27,809,317	413.9478
06-30-2018	2018	Northern Mariana Islands	4	39,845,635	8	877,843	3,480.8422
06-30-2018	2018	Ohio	216	5,954,188,132	3,597	343,200,222	968.2071
06-30-2018	2018	Oklahoma	225	4,378,863,397	1,345	87,005,277	396.2395
06-30-2018	2018	Oregon	46	6,957,377,684	972	77,721,569	1,150.7184
06-30-2018	2018	Palau	3	19,149,676	3	288,965	4,518.2969
06-30-2018	2018	Pennsylvania	191	7,991,205,344	4,122	395,148,716	789.1389
06-30-2018	2018	Puerto Rico	7	1,473,923,409	300	73,832,898	3,010.5727
06-30-2018	2018	Rhode Island	22	2,368,468,925	251	35,089,433	2,379.5132
06-30-2018	2018	South Carolina	79	5,014,129,286	1,226	85,947,253	909.9286
06-30-2018	2018	South Dakota	84	3,751,798,285	462	603,061,255	4,616.8782
06-30-2018	2018	Tennessee	189	5,038,377,501	2,053	154,881,534	622.7000
06-30-2018	2018	Texas	523	9,202,277,064	6,421	840,122,096	871.9314
06-30-2018	2018	Utah	52	5,545,071,358	524	523,901,871	1,316.7119
06-30-2018	2018	Vermont	23	670,044,905	236	13,325,502	1,224.7304
06-30-2018	2018	Virgin Islands Of The U.S.	0	-	-	-	-
06-30-2018	2018	Virginia	122	7,217,935,270	2,295	323,046,216	1,016.0492
06-30-2018	2018	Washington	79	7,394,709,580	1,716	161,098,741	941.6902
06-30-2018	2018	West Virginia	73	3,323,650,477	618	33,280,327	692.4119
06-30-2018	2018	Wisconsin	236	5,448,407,539	1,970	150,113,628	704.4175
06-30-2018	2018	Wyoming	46	2,345,541,441	219	15,718,511	734.4898
06-30-2019	2019	Alabama	153	3,173,920,049	1,457	107,614,350	915.4704
06-30-2019	2019	Alaska	7	1,863,106,447	121	11,801,599	3,260.4444
06-30-2019	2019	American Samoa	2	18,401,166	3	165,611	5,765.8482
06-30-2019	2019	Arizona	68	7,551,328,191	1,157	141,851,631	1,435.5519
06-30-2019	2019	Arkansas	117	4,407,971,669	1,334	71,022,803	568.6692
06-30-2019	2019	California	199	9,639,358,780	6,734	1,459,881,342	998.1760
06-30-2019	2019	Colorado	131	7,344,266,864	1,446	142,644,894	924.5049
06-30-2019	2019	Connecticut	59	9,174,114,616	1,129	139,821,572	1,088.5219
06-30-2019	2019	Delaware	41	9,237,926,074	261	379,060,652	2,422.5580
06-30-2019	2019	District Of Columbia	30	9,752,581,373	211	53,321,489	1,442.4988
06-30-2019	2019	Federated States Of Micronesia	2	2,116,198	8	349,412	5,069.5909
06-30-2019	2019	Florida	206	11,235,556,999	4,816	603,555,140	743.9607
06-30-2019	2019	Georgia	212	7,937,984,850	2,252	256,347,033	990.8741
06-30-2019	2019	Guam	5	40,668,023	22	2,939,378	2,943.2197
06-30-2019	2019	Hawaii	13	81,165,663	269	44,826,611	2,555.6911
06-30-2019	2019	Idaho	29	6,818,932,155	469	26,901,717	975.8696
06-30-2019	2019	Illinois	481	9,655,448,534	4,217	500,190,435	627.3641
06-30-2019	2019	Indiana	144	8,157,824,200	1,967	137,928,476	472.8471
06-30-2019	2019	Iowa	311	4,445,149,208	1,509	90,035,952	194.9204
06-30-2019	2019	Kansas	279	5,130,215,460	1,440	76,435,669	228.1774
06-30-2019	2019	Kentucky	172	4,240,813,199	1,599	84,252,998	370.2694
06-30-2019	2019	Louisiana	128	2,943,660,715	1,435	106,471,611	867.3413
06-30-2019	2019	Maine	31	2,414,769,171	464	31,805,498	674.5479
06-30-2019	2019	Marshall Islands	1	1,944,695	1	135,959	10,000.0000
06-30-2019	2019	Maryland	87	9,373,636,236	1,445	149,670,973	993.4329
06-30-2019	2019	Massachusetts	143	7,854,642,517	2,138	407,509,613	1,243.9597
06-30-2019	2019	Michigan	118	7,300,882,975	2,426	227,269,235	907.4206
06-30-2019	2019	Minnesota	339	4,736,252,774	1,670	236,549,289	1,952.6938
06-30-2019	2019	Mississippi	93	2,033,724,850	1,133	55,129,030	616.3188
06-30-2019	2019	Missouri	304	5,666,902,136	2,279	170,395,963	441.2417
06-30-2019	2019	Montana	55	2,244,209,836	382	24,459,146	1,112.2814
06-30-2019	2019	Nebraska	184	2,424,662,640	1,075	67,147,194	555.4654
06-30-2019	2019	Nevada	50	8,701,124,458	494	279,240,066	5,004.7178
06-30-2019	2019	New Hampshire	39	2,539,401,919	409	35,393,831	1,255.6862
06-30-2019	2019	New Jersey	126	10,653,805,546	2,812	342,874,741	734.6370
06-30-2019	2019	New Mexico	56	4,458,652,068	455	32,215,553	1,014.4266
06-30-2019	2019	New York	211	11,203,847,573	4,796	1,744,697,497	1,328.8139
06-30-2019	2019	North Carolina	84	5,515,433,652	2,250	364,920,861	2,452.0664
06-30-2019	2019	North Dakota	85	2,358,904,105	423	29,492,959	435.6626
06-30-2019	2019	Northern Mariana Islands	4	40,332,828	8	891,419	3,479.3656
06-30-2019	2019	Ohio	217	8,350,687,590	3,528	369,188,527	1,084.6557
06-30-2019	2019	Oklahoma	223	4,614,541,483	1,338	92,486,905	397.4786
06-30-2019	2019	Oregon	43	7,250,530,781	945	79,877,648	1,114.0939
06-30-2019	2019	Palau	3	20,165,228	3	263,485	4,577.3602
06-30-2019	2019	Pennsylvania	182	8,562,770,882	4,013	415,911,239	786.4051
06-30-2019	2019	Puerto Rico	7	1,525,200,773	298	74,274,365	3,067.5906
06-30-2019	2019	Rhode Island	21	2,489,524,142	252	31,062,583	1,938.4099
06-30-2019	2019	South Carolina	76	5,234,605,701	1,194	89,383,808	900.2112
06-30-2019	2019	South Dakota	80	3,883,849,145	457	691,962,749	4,635.1593
06-30-2019	2019	Tennessee	188	5,267,939,601	2,033	160,288,767	609.5096
06-30-2019	2019	Texas	510	10,363,163,027	6,399	878,164,145	884.5605
06-30-2019	2019	Utah	51	7,647,702,021	512	575,283,785	1,257.8201
06-30-2019	2019	Vermont	23	743,280,607	235	13,722,673	1,208.4700
06-30-2019	2019	Virgin Islands Of The U.S.	0	-	-	-	-
06-30-2019	2019	Virginia	121	9,823,562,080	2,224	335,270,648	1,054.3992
06-30-2019	2019	Washington	77	7,722,159,108	1,672	164,542,093	937.3455
06-30-2019	2019	West Virginia	71	3,747,250,036	609	34,230,150	696.1168
06-30-2019	2019	Wisconsin	226	5,622,959,165	1,921	151,228,530	712.6528
06-30-2019	2019	Wyoming	47	2,522,350,387	221	16,081,832	679.2703
06-30-2020	2020	Alabama	149	6,433,341,910	1,454	129,469,715	930.0443
06-30-2020	2020	Alaska	7	1,945,205,387	118	14,227,142	3,187.1328
06-30-2020	2020	American Samoa	1	391,201	2	160,896	10,000.0000
06-30-2020	2020	Arizona	65	8,920,328,871	1,118	172,556,223	1,504.9104
06-30-2020	2020	Arkansas	113	5,452,371,906	1,334	82,691,708	573.6161
06-30-2020	2020	California	191	11,383,881,307	6,618	1,793,037,033	1,033.5448
06-30-2020	2020	Colorado	129	8,767,746,859	1,451	172,285,023	887.4682
06-30-2020	2020	Connecticut	56	10,646,550,553	1,094	162,877,366	1,228.8808
06-30-2020	2020	Delaware	42	10,901,437,326	259	467,059,524	2,467.4017
06-30-2020	2020	District Of Columbia	31	11,521,830,265	215	65,826,668	1,386.3962
06-30-2020	2020	Federated States Of Micronesia	2	2,549,794	8	373,103	5,075.8936
06-30-2020	2020	Florida	196	13,326,642,433	4,775	708,384,984	825.0285
06-30-2020	2020	Georgia	199	9,320,451,013	2,259	286,703,573	1,004.3083
06-30-2020	2020	Guam	5	46,162,715	20	3,417,228	2,987.0877
06-30-2020	2020	Hawaii	13	133,730,231	263	50,882,702	2,599.7230
06-30-2020	2020	Idaho	30	8,092,813,198	460	33,105,314	955.9621
06-30-2020	2020	Illinois	466	11,333,833,529	4,085	611,446,083	694.2773
06-30-2020	2020	Indiana	139	7,865,771,112	1,918	162,501,533	499.7355
06-30-2020	2020	Iowa	297	5,004,618,955	1,494	100,890,278	200.2226
06-30-2020	2020	Kansas	271	8,860,717,087	1,416	88,563,135	235.5977
06-30-2020	2020	Kentucky	164	5,198,055,685	1,575	98,664,862	386.9126
06-30-2020	2020	Louisiana	125	3,679,193,362	1,413	124,057,773	909.2645
06-30-2020	2020	Maine	30	2,937,237,674	454	36,778,600	699.6443
06-30-2020	2020	Marshall Islands	1	2,343,878	1	174,862	10,000.0000
06-30-2020	2020	Maryland	83	11,077,739,244	1,432	182,176,005	1,109.7699
06-30-2020	2020	Massachusetts	136	9,379,340,231	2,118	498,536,996	1,314.9357
06-30-2020	2020	Michigan	114	8,713,635,378	2,378	284,308,608	1,021.8598
06-30-2020	2020	Minnesota	330	8,387,418,705	1,656	272,612,184	1,745.0732
06-30-2020	2020	Mississippi	91	2,672,723,867	1,117	64,705,258	653.5118
06-30-2020	2020	Missouri	295	9,499,857,577	2,237	204,081,522	455.5406
06-30-2020	2020	Montana	52	2,369,898,587	381	28,668,427	1,100.5712
06-30-2020	2020	Nebraska	180	5,629,364,628	1,078	72,044,305	576.2016
06-30-2020	2020	Nevada	49	10,068,884,403	478	112,363,351	1,247.0678
06-30-2020	2020	New Hampshire	42	6,096,635,611	399	42,361,410	1,263.8066
06-30-2020	2020	New Jersey	119	12,540,928,698	2,713	403,731,148	797.1943
06-30-2020	2020	New Mexico	56	5,030,816,459	448	38,530,303	1,012.6277
06-30-2020	2020	New York	209	13,176,299,970	4,642	2,183,058,996	1,409.7276
06-30-2020	2020	North Carolina	86	9,962,957,006	2,219	498,391,904	2,583.1412
06-30-2020	2020	North Dakota	83	2,487,470,479	420	34,558,046	460.6633
06-30-2020	2020	Northern Mariana Islands	4	45,771,514	8	887,473	3,496.9324
06-30-2020	2020	Ohio	209	8,120,747,797	3,443	455,422,190	1,039.6140
06-30-2020	2020	Oklahoma	214	5,770,347,804	1,329	114,149,523	502.5356
06-30-2020	2020	Oregon	43	8,590,006,473	912	99,067,040	1,121.4146
06-30-2020	2020	Palau	3	23,109,268	3	296,952	4,627.1149
06-30-2020	2020	Pennsylvania	177	10,322,078,702	3,914	501,241,403	846.4487
06-30-2020	2020	Puerto Rico	6	1,747,207,238	298	88,497,400	3,400.3975
06-30-2020	2020	Rhode Island	21	6,029,620,238	249	37,318,019	2,196.0769
06-30-2020	2020	South Carolina	74	9,029,434,849	1,198	105,130,632	956.6922
06-30-2020	2020	South Dakota	79	4,222,474,887	459	792,747,909	4,579.8487
06-30-2020	2020	Tennessee	181	8,997,528,665	2,024	193,130,778	669.7848
06-30-2020	2020	Texas	498	12,590,592,702	6,415	1,366,566,741	967.0227
06-30-2020	2020	Utah	53	9,025,358,591	509	714,182,097	1,223.4679
06-30-2020	2020	Vermont	23	879,810,168	229	17,002,067	1,363.9964
06-30-2020	2020	Virgin Islands Of The U.S.	0	-	-	-	-
06-30-2020	2020	Virginia	118	11,555,858,446	2,215	380,379,749	1,015.0105
06-30-2020	2020	Washington	76	9,123,778,395	1,630	195,997,570	932.8385
06-30-2020	2020	West Virginia	68	4,637,141,856	598	38,881,474	706.1183
06-30-2020	2020	Wisconsin	216	6,618,991,629	1,855	179,311,683	722.6698
06-30-2020	2020	Wyoming	47	2,689,481,218	218	18,694,016	658.4227
