Date	Year	MSA_name	Num_Institutions	Total_Assets	Num_Offices	Depoits($000)	HHI

06-30-2001|2001|ABILENE, TX|15|711,952,512|48|1,565,439|1,873.3059
06-30-2001|2001|AGUADILLA-ISABELA, PR|7|46,835,704|37|975,440|3,306.9728
06-30-2001|2001|AKRON, OH|28|367,770,304|221|8,628,786|1,374.2020
06-30-2001|2001|ALBANY, GA|15|705,753,715|39|1,162,616|1,190.0113
06-30-2001|2001|ALBANY, OR|10|785,490,145|29|694,499|1,648.3806
06-30-2001|2001|Albany-Lebanon, OR|0|-|-|-|-
06-30-2001|2001|ALBANY-SCHENECTADY-TROY, NY|27|842,112,651|301|11,738,936|1,021.5291
06-30-2001|2001|ALBUQUERQUE, NM|22|607,041,239|170|5,750,693|1,859.0278
06-30-2001|2001|ALEXANDRIA, LA|14|203,614,218|55|1,306,181|1,741.8824
06-30-2001|2001|ALLENTOWN-BETHLEHEM-EASTON, PA-NJ|38|703,044,565|278|9,788,104|869.2165
06-30-2001|2001|ALTOONA, PA|10|72,425,401|60|1,897,702|2,497.3254
06-30-2001|2001|AMARILLO, TX|17|791,319,233|57|2,510,926|1,890.0842
06-30-2001|2001|AMES, IA|18|180,433,014|36|998,651|1,283.0304
06-30-2001|2001|ANCHORAGE, AK|5|81,797,932|51|2,356,867|3,062.5154
06-30-2001|2001|ANN ARBOR, MI|18|251,706,725|95|3,844,425|1,016.7557
06-30-2001|2001|Anniston-Oxford, AL|0|-|-|-|-
06-30-2001|2001|ANNISTON-OXFORD-JACKSONVILLE, AL|9|161,740,683|32|1,218,462|1,573.6708
06-30-2001|2001|APPLETON, WI|29|135,677,649|80|2,237,611|938.2394
06-30-2001|2001|ARECIBO, PR|9|441,036,579|23|593,905|2,342.3531
06-30-2001|2001|ASHEVILLE, NC|19|940,726,107|109|4,446,695|1,266.6052
06-30-2001|2001|ATHENS-CLARKE COUNTY, GA|16|821,263,869|61|1,702,237|1,309.8361
06-30-2001|2001|Atlanta-Sandy Springs-Alpharetta, GA|0|-|-|-|-
06-30-2001|2001|ATLANTA-SANDY SPRINGS-ROSWELL, GA|130|1,148,773,438|1,103|58,907,116|862.7683
06-30-2001|2001|ATLANTIC CITY-HAMMONTON, NJ|17|512,096,820|83|2,750,095|1,455.7790
06-30-2001|2001|AUBURN-OPELIKA, AL|12|173,203,204|34|1,095,833|1,607.8536
06-30-2001|2001|AUGUSTA-RICHMOND COUNTY, GA-SC|21|1,062,329,542|140|4,462,673|1,028.2782
06-30-2001|2001|AUSTIN-ROUND ROCK, TX|55|1,499,224,461|273|11,573,740|1,017.3473
06-30-2001|2001|Austin-Round Rock-Georgetown, TX|0|-|-|-|-
06-30-2001|2001|BAKERSFIELD, CA|22|1,039,606,748|93|3,544,955|1,416.4796
06-30-2001|2001|BALTIMORE-COLUMBIA-TOWSON, MD|97|1,132,651,130|785|33,469,037|871.4474
06-30-2001|2001|BANGOR, ME|9|273,940,585|55|1,335,722|2,110.1872
06-30-2001|2001|BARNSTABLE TOWN, MA|13|216,949,740|113|4,510,835|1,313.0966
06-30-2001|2001|BATON ROUGE, LA|37|285,677,817|219|7,005,512|1,374.0653
06-30-2001|2001|BATTLE CREEK, MI|14|138,199,442|45|1,007,105|1,163.4827
06-30-2001|2001|BAY CITY, MI|8|73,955,748|37|994,442|1,929.3033
06-30-2001|2001|BEAUMONT-PORT ARTHUR, TX|16|997,631,327|78|3,674,782|1,112.0520
06-30-2001|2001|BECKLEY, WV|10|60,804,608|40|1,369,782|2,109.9720
06-30-2001|2001|BELLINGHAM, WA|15|774,395,958|61|1,873,534|1,311.9425
06-30-2001|2001|Bend, OR|0|-|-|-|-
06-30-2001|2001|BEND-REDMOND, OR|11|710,354,887|45|1,163,706|1,800.9630
06-30-2001|2001|BILLINGS, MT|15|70,528,244|50|1,602,650|1,628.6703
06-30-2001|2001|BINGHAMTON, NY|10|569,116,105|66|2,593,965|3,076.8413
06-30-2001|2001|BIRMINGHAM-HOOVER, AL|38|182,343,323|308|16,766,972|1,233.4181
06-30-2001|2001|BISMARCK, ND|12|83,905,066|38|1,419,584|1,577.9265
06-30-2001|2001|Blacksburg-Christiansburg, VA|0|-|-|-|-
06-30-2001|2001|BLACKSBURG-CHRISTIANSBURG-RADFORD, VA|12|977,173,822|65|1,720,979|1,478.7642
06-30-2001|2001|BLOOMINGTON, IL|31|140,047,561|65|2,594,925|966.5040
06-30-2001|2001|BLOOMINGTON, IN|13|145,246,159|51|1,380,682|1,400.4785
06-30-2001|2001|BLOOMSBURG-BERWICK, PA|10|130,340,654|43|1,034,316|1,479.2599
06-30-2001|2001|BOISE CITY, ID|18|934,752,362|144|4,082,682|1,759.4108
06-30-2001|2001|BOSTON-CAMBRIDGE-NEWTON, MA-NH|183|542,133,283|1,373|110,139,299|1,031.1248
06-30-2001|2001|BOULDER, CO|27|283,466,288|94|4,118,423|925.3275
06-30-2001|2001|BOWLING GREEN, KY|17|126,927,098|53|1,343,435|948.2936
06-30-2001|2001|BREMERTON-SILVERDALE, WA|16|793,823,949|64|1,557,668|1,269.9136
06-30-2001|2001|Bremerton-Silverdale-Port Orchard, WA|0|-|-|-|-
06-30-2001|2001|BRIDGEPORT-STAMFORD-NORWALK, CT|30|1,041,207,720|314|18,304,354|1,329.2670
06-30-2001|2001|BROWNSVILLE-HARLINGEN, TX|13|1,006,869,382|63|2,679,346|1,598.3125
06-30-2001|2001|BRUNSWICK, GA|9|714,606,824|34|1,067,962|1,318.4183
06-30-2001|2001|Buffalo-Cheektowaga, NY|0|-|-|-|-
06-30-2001|2001|BUFFALO-CHEEKTOWAGA-NIAGARA FALLS, NY|18|1,240,958,902|272|18,241,248|2,205.6393
06-30-2001|2001|BURLINGTON, NC|14|936,028,711|46|1,851,121|1,135.5107
06-30-2001|2001|BURLINGTON-SOUTH BURLINGTON, VT|8|115,728,213|70|2,691,514|2,102.0667
06-30-2001|2001|CALIFORNIA-LEXINGTON PARK, MD|9|692,057,561|22|639,843|2,579.1567
06-30-2001|2001|CANTON-MASSILLON, OH|21|291,630,929|124|4,577,845|1,460.7837
06-30-2001|2001|CAPE CORAL-FORT MYERS, FL|31|1,131,369,233|167|6,321,701|1,283.5904
06-30-2001|2001|CAPE GIRARDEAU, MO-IL|12|684,650,085|36|1,174,039|1,334.1129
06-30-2001|2001|CARBONDALE-MARION, IL|20|132,013,936|51|1,423,357|825.2207
06-30-2001|2001|CARSON CITY, NV|11|742,733,685|19|743,108|1,368.9935
06-30-2001|2001|CASPER, WY|6|90,366,454|16|1,658,239|4,654.7748
06-30-2001|2001|CEDAR RAPIDS, IA|40|136,594,454|100|3,175,580|1,022.7279
06-30-2001|2001|CHAMBERSBURG-WAYNESBORO, PA|11|87,416,724|59|1,454,100|1,501.9163
06-30-2001|2001|CHAMPAIGN-URBANA, IL|38|208,384,245|91|3,372,599|1,112.7569
06-30-2001|2001|CHARLESTON, WV|16|98,077,650|78|3,428,461|2,025.2961
06-30-2001|2001|CHARLESTON-NORTH CHARLESTON, SC|21|980,572,273|149|4,618,480|1,178.6263
06-30-2001|2001|CHARLOTTE-CONCORD-GASTONIA, NC-SC|46|1,018,312,248|497|64,988,113|3,500.3295
06-30-2001|2001|CHARLOTTESVILLE, VA|15|981,145,961|70|2,075,538|1,429.4063
06-30-2001|2001|CHATTANOOGA, TN-GA|25|850,536,242|153|5,214,617|1,385.6309
06-30-2001|2001|CHEYENNE, WY|13|90,807,034|23|687,376|1,355.6917
06-30-2001|2001|CHICAGO-NAPERVILLE-ELGIN, IL-IN-WI|366|1,594,398,736|2,397|199,895,858|459.9679
06-30-2001|2001|CHICO, CA|12|1,030,047,403|44|2,070,757|1,304.1440
06-30-2001|2001|CINCINNATI, OH-KY-IN|98|403,097,102|751|39,275,276|1,572.9579
06-30-2001|2001|CLARKSVILLE, TN-KY|17|777,333,400|71|1,885,655|925.3705
06-30-2001|2001|CLEVELAND, TN|11|188,767,549|42|1,205,599|1,365.4401
06-30-2001|2001|CLEVELAND-ELYRIA, OH|48|463,930,004|697|51,500,802|1,212.3288
06-30-2001|2001|COEUR DALENE, ID|12|672,356,102|35|949,213|1,668.0006
06-30-2001|2001|Coeur dAlene, ID|0|-|-|-|-
06-30-2001|2001|COLLEGE STATION-BRYAN, TX|16|813,727,662|50|1,793,498|1,245.9664
06-30-2001|2001|COLORADO SPRINGS, CO|35|262,211,520|119|3,959,188|916.7100
06-30-2001|2001|COLUMBIA, MO|14|691,414,701|50|1,563,308|2,254.4186
06-30-2001|2001|COLUMBIA, SC|21|977,059,872|184|6,899,683|1,237.1842
06-30-2001|2001|COLUMBUS, GA-AL|16|449,286,887|82|3,521,464|3,112.9874
06-30-2001|2001|COLUMBUS, IN|8|39,953,775|25|1,746,215|6,007.7263
06-30-2001|2001|COLUMBUS, OH|63|351,206,820|473|24,085,543|1,495.7852
06-30-2001|2001|CORPUS CHRISTI, TX|22|607,182,606|98|3,022,647|1,132.6098
06-30-2001|2001|CORVALLIS, OR|9|709,072,728|17|565,201|1,730.5556
06-30-2001|2001|CRESTVIEW-FORT WALTON BEACH-DESTIN, FL|20|1,049,890,694|86|2,445,215|764.9752
06-30-2001|2001|CUMBERLAND, MD-WV|8|34,239,890|38|882,646|2,421.2284
06-30-2001|2001|DALLAS-FORT WORTH-ARLINGTON, TX|161|1,603,591,890|1,153|63,353,827|919.3009
06-30-2001|2001|DALTON, GA|15|1,143,554,562|37|1,496,487|1,286.5630
06-30-2001|2001|DANVILLE, IL|17|16,937,840|37|952,633|1,242.6137
06-30-2001|2001|DAPHNE-FAIRHOPE-FOLEY, AL|12|202,282,588|66|1,735,667|1,521.5941
06-30-2001|2001|DAVENPORT-MOLINE-ROCK ISLAND, IA-IL|47|212,489,335|139|5,513,960|576.3526
06-30-2001|2001|DAYTON, OH|27|324,034,520|254|8,776,294|1,452.8232
06-30-2001|2001|Dayton-Kettering, OH|0|-|-|-|-
06-30-2001|2001|DECATUR, AL|15|198,522,363|48|1,572,195|1,006.4609
06-30-2001|2001|DECATUR, IL|16|53,943,274|45|1,467,987|1,626.0758
06-30-2001|2001|DELTONA-DAYTONA BEACH-ORMOND BEACH, FL|27|1,281,920,838|159|6,362,349|1,465.5133
06-30-2001|2001|DENVER-AURORA-LAKEWOOD, CO|91|429,054,839|531|28,647,649|846.4879
06-30-2001|2001|DES MOINES-WEST DES MOINES, IA|45|783,293,693|184|8,660,653|1,410.6659
06-30-2001|2001|DETROIT-WARREN-DEARBORN, MI|57|314,500,441|1,050|67,310,530|1,488.8918
06-30-2001|2001|DOTHAN, AL|19|163,904,420|50|1,788,309|1,190.7957
06-30-2001|2001|DOVER, DE|11|17,957,671|32|1,067,652|2,156.8961
06-30-2001|2001|DUBUQUE, IA|10|78,250,410|32|1,385,104|2,446.2928
06-30-2001|2001|DULUTH, MN-WI|34|160,443,639|88|2,565,067|1,069.4922
06-30-2001|2001|DURHAM-CHAPEL HILL, NC|19|948,735,824|125|4,785,040|1,925.6600
06-30-2001|2001|EAST STROUDSBURG, PA|15|362,814,768|53|1,357,367|1,608.1845
06-30-2001|2001|EAU CLAIRE, WI|20|121,572,917|58|1,527,163|821.3141
06-30-2001|2001|EL CENTRO, CA|8|915,376,289|19|1,071,486|2,331.6619
06-30-2001|2001|EL PASO, TX|14|1,000,223,395|68|3,604,298|2,039.6084
06-30-2001|2001|ELIZABETHTOWN-FORT KNOX, KY|18|150,267,066|53|1,338,794|1,035.3014
06-30-2001|2001|ELKHART-GOSHEN, IN|14|170,909,125|59|1,711,534|1,794.6326
06-30-2001|2001|ELMIRA, NY|9|719,710,102|24|1,078,014|1,970.3348
06-30-2001|2001|Enid, OK|0|-|-|-|-
06-30-2001|2001|ERIE, PA|9|122,095,715|88|2,847,828|1,759.1897
06-30-2001|2001|EUGENE, OR|17|948,485,262|82|2,400,361|1,041.8147
06-30-2001|2001|Eugene-Springfield, OR|0|-|-|-|-
06-30-2001|2001|EVANSVILLE, IN-KY|16|131,714,911|91|4,669,803|3,282.7454
06-30-2001|2001|FAIRBANKS, AK|6|82,061,166|16|608,300|1,908.1994
06-30-2001|2001|FARGO, ND-MN|31|134,084,581|80|2,793,144|839.0148
06-30-2001|2001|FARMINGTON, NM|6|571,346,180|24|752,268|3,232.1255
06-30-2001|2001|FAYETTEVILLE, NC|13|936,785,263|64|1,791,459|1,918.6782
06-30-2001|2001|Fayetteville-Springdale-Rogers, AR|0|-|-|-|-
06-30-2001|2001|FAYETTEVILLE-SPRINGDALE-ROGERS, AR-MO|30|690,929,395|143|4,516,291|570.0347
06-30-2001|2001|FLAGSTAFF, AZ|8|630,392,799|30|531,738|1,837.7356
06-30-2001|2001|FLINT, MI|13|119,468,507|100|3,634,128|2,273.2583
06-30-2001|2001|FLORENCE, SC|22|890,132,919|70|1,780,102|947.0469
06-30-2001|2001|FLORENCE-MUSCLE SHOALS, AL|14|294,764,124|64|1,813,750|1,030.6540
06-30-2001|2001|FOND DU LAC, WI|15|128,533,500|35|1,270,503|1,469.9918
06-30-2001|2001|FORT COLLINS, CO|25|281,830,500|67|2,798,375|1,448.8940
06-30-2001|2001|FORT SMITH, AR-OK|23|134,206,586|100|3,017,333|934.1551
06-30-2001|2001|FORT WAYNE, IN|22|90,689,000|120|4,073,242|1,305.5578
06-30-2001|2001|FRESNO, CA|26|1,104,784,071|140|6,085,432|1,105.1987
06-30-2001|2001|GADSDEN, AL|9|162,971,851|26|979,424|1,528.4052
06-30-2001|2001|GAINESVILLE, FL|16|964,037,945|65|1,881,704|1,489.3390
06-30-2001|2001|GAINESVILLE, GA|14|879,392,260|44|1,805,810|2,163.9074
06-30-2001|2001|GETTYSBURG, PA|7|113,610,959|34|954,865|2,740.9976
06-30-2001|2001|GLENS FALLS, NY|9|391,755,680|47|1,501,833|2,758.1565
06-30-2001|2001|GOLDSBORO, NC|10|707,286,407|33|958,439|2,333.7375
06-30-2001|2001|GRAND FORKS, ND-MN|18|84,828,243|40|1,133,103|1,265.2482
06-30-2001|2001|GRAND ISLAND, NE|25|103,222,059|50|1,328,125|844.5378
06-30-2001|2001|GRAND JUNCTION, CO|16|176,878,567|38|1,201,702|1,172.9437
06-30-2001|2001|Grand Rapids-Kentwood, MI|0|-|-|-|-
06-30-2001|2001|GRAND RAPIDS-WYOMING, MI|43|162,706,284|324|11,739,587|1,748.4254
06-30-2001|2001|GRANTS PASS, OR|11|778,778,903|24|808,409|1,134.6360
06-30-2001|2001|GREAT FALLS, MT|9|5,906,642|23|748,309|1,655.8932
06-30-2001|2001|GREELEY, CO|24|280,353,211|50|1,783,587|1,065.2819
06-30-2001|2001|GREEN BAY, WI|22|129,522,637|103|4,303,752|1,319.9328
06-30-2001|2001|GREENSBORO-HIGH POINT, NC|27|996,419,753|207|8,038,083|1,067.7186
06-30-2001|2001|GREENVILLE, NC|12|946,242,883|39|1,139,811|1,692.8552
06-30-2001|2001|Greenville-Anderson, SC|0|-|-|-|-
06-30-2001|2001|GREENVILLE-ANDERSON-MAULDIN, SC|32|1,041,876,858|251|8,751,922|874.4782
06-30-2001|2001|GUAYAMA, PR|5|39,095,136|11|266,111|3,841.7533
06-30-2001|2001|Gulfport-Biloxi, MS|0|-|-|-|-
06-30-2001|2001|GULFPORT-BILOXI-PASCAGOULA, MS|12|137,775,188|116|3,443,506|2,164.7764
06-30-2001|2001|HAGERSTOWN-MARTINSBURG, MD-WV|16|149,554,704|82|2,015,463|1,046.0277
06-30-2001|2001|HAMMOND, LA|13|200,054,710|33|783,880|1,538.1334
06-30-2001|2001|HANFORD-CORCORAN, CA|14|1,063,712,251|18|712,863|1,303.0138
06-30-2001|2001|HARRISBURG-CARLISLE, PA|29|391,030,911|215|6,662,900|937.8095
06-30-2001|2001|HARRISONBURG, VA|17|977,208,596|50|1,296,218|1,107.4030
06-30-2001|2001|Hartford-East Hartford-Middletown, CT|0|-|-|-|-
06-30-2001|2001|HARTFORD-WEST HARTFORD-EAST HARTFORD, CT|38|505,185,349|378|22,076,876|1,541.5454
06-30-2001|2001|HATTIESBURG, MS|14|136,539,704|54|1,489,821|1,607.4588
06-30-2001|2001|HICKORY-LENOIR-MORGANTON, NC|17|947,809,850|101|3,642,510|1,218.9788
06-30-2001|2001|Hilton Head Island-Bluffton, SC|0|-|-|-|-
06-30-2001|2001|HILTON HEAD ISLAND-BLUFFTON-BEAUFORT, SC|16|922,468,260|60|2,034,890|1,007.0158
06-30-2001|2001|HINESVILLE, GA|5|228,179,899|13|243,817|5,379.3076
06-30-2001|2001|HOMOSASSA SPRINGS, FL|12|794,484,322|40|1,649,963|1,319.9771
06-30-2001|2001|HOT SPRINGS, AR|11|685,800,093|44|1,078,618|2,437.6743
06-30-2001|2001|HOUMA-THIBODAUX, LA|13|242,404,861|77|2,268,557|1,799.1822
06-30-2001|2001|HOUSTON-THE WOODLANDS-SUGAR LAND, TX|110|1,575,396,522|1,006|66,601,964|1,296.4980
06-30-2001|2001|HUNTINGTON-ASHLAND, WV-KY-OH|34|259,504,457|131|4,046,200|537.5565
06-30-2001|2001|HUNTSVILLE, AL|14|198,524,568|87|3,714,167|1,275.4044
06-30-2001|2001|IDAHO FALLS, ID|10|794,225,289|34|839,053|1,991.6411
06-30-2001|2001|INDIANAPOLIS-CARMEL-ANDERSON, IN|52|225,487,439|542|21,445,902|1,364.4862
06-30-2001|2001|IOWA CITY, IA|21|213,342,957|48|1,802,699|1,621.1347
06-30-2001|2001|ITHACA, NY|9|305,568,877|31|1,032,402|2,992.8004
06-30-2001|2001|JACKSON, MI|9|75,426,802|51|1,457,722|2,167.9532
06-30-2001|2001|JACKSON, MS|20|138,338,073|196|5,920,407|2,002.9902
06-30-2001|2001|JACKSON, TN|17|143,365,318|61|1,507,959|1,246.9035
06-30-2001|2001|JACKSONVILLE, FL|35|1,090,046,209|244|11,102,048|2,034.6975
06-30-2001|2001|JACKSONVILLE, NC|7|711,329,209|23|585,289|2,304.7745
06-30-2001|2001|JANESVILLE-BELOIT, WI|18|131,676,455|44|1,540,559|1,160.8905
06-30-2001|2001|JEFFERSON CITY, MO|23|132,099,694|58|2,302,632|1,562.1595
06-30-2001|2001|JOHNSON CITY, TN|15|721,987,138|60|2,080,708|1,005.9877
06-30-2001|2001|JOHNSTOWN, PA|13|12,499,511|84|2,211,885|1,655.8432
06-30-2001|2001|JONESBORO, AR|18|642,032,092|64|1,696,965|1,041.6978
06-30-2001|2001|JOPLIN, MO|15|658,720,307|78|1,740,957|1,217.9648
06-30-2001|2001|KAHULUI-WAILUKU-LAHAINA, HI|8|30,003,835|37|1,477,702|2,751.6731
06-30-2001|2001|KALAMAZOO-PORTAGE, MI|23|227,051,201|96|2,792,173|1,456.1589
06-30-2001|2001|KANKAKEE, IL|16|58,516,583|39|1,334,640|1,215.4228
06-30-2001|2001|KANSAS CITY, MO-KS|147|835,079,435|655|26,806,799|498.9041
06-30-2001|2001|KENNEWICK-RICHLAND, WA|15|779,349,532|50|1,476,585|1,195.4266
06-30-2001|2001|KILLEEN-TEMPLE, TX|25|806,108,476|70|2,337,411|873.9988
06-30-2001|2001|Kingsport-Bristol, TN-VA|0|-|-|-|-
06-30-2001|2001|KINGSPORT-BRISTOL-BRISTOL, TN-VA|25|1,101,643,348|112|3,430,651|789.7235
06-30-2001|2001|KINGSTON, NY|15|724,832,660|51|1,939,769|1,326.1772
06-30-2001|2001|KNOXVILLE, TN|37|951,604,644|256|8,479,124|1,074.0467
06-30-2001|2001|KOKOMO, IN|13|146,821,879|32|800,184|2,195.7214
06-30-2001|2001|LA CROSSE-ONALASKA, WI-MN|22|126,716,431|48|1,525,299|959.4150
06-30-2001|2001|LAFAYETTE, LA|35|213,600,960|179|5,038,207|791.5340
06-30-2001|2001|LAFAYETTE-WEST LAFAYETTE, IN|16|112,726,696|62|1,943,273|1,348.1909
06-30-2001|2001|LAKE CHARLES, LA|10|166,908,420|69|1,824,104|2,020.0119
06-30-2001|2001|LAKE HAVASU CITY-KINGMAN, AZ|9|622,577,131|37|1,248,156|1,721.7967
06-30-2001|2001|LAKELAND-WINTER HAVEN, FL|17|980,979,672|111|4,059,667|1,355.6124
06-30-2001|2001|LANCASTER, PA|19|616,571,977|190|6,034,697|1,211.2254
06-30-2001|2001|LANSING-EAST LANSING, MI|24|195,922,617|127|4,940,693|938.0011
06-30-2001|2001|LAREDO, TX|7|29,370,124|28|3,744,802|2,948.1695
06-30-2001|2001|LAS CRUCES, NM|16|590,691,015|47|1,678,555|2,453.7079
06-30-2001|2001|LAS VEGAS-HENDERSON-PARADISE, NV|40|1,153,917,493|269|15,056,189|1,404.3384
06-30-2001|2001|LAWRENCE, KS|22|611,240,681|48|1,223,043|1,685.4877
06-30-2001|2001|LAWTON, OK|13|5,955,753|34|813,329|1,565.8430
06-30-2001|2001|LEBANON, PA|9|255,668,277|51|1,339,086|1,968.5731
06-30-2001|2001|LEWISTON, ID-WA|8|679,066,523|22|552,068|1,557.8255
06-30-2001|2001|LEWISTON-AUBURN, ME|11|274,690,127|34|988,685|1,785.7385
06-30-2001|2001|LEXINGTON-FAYETTE, KY|32|171,742,120|154|5,068,295|864.8840
06-30-2001|2001|LIMA, OH|13|261,196,073|42|1,540,841|1,349.5400
06-30-2001|2001|LINCOLN, NE|22|102,923,157|112|3,594,193|1,287.8558
06-30-2001|2001|LITTLE ROCK-NORTH LITTLE ROCK-CONWAY, AR|38|701,654,519|263|7,408,028|1,037.4630
06-30-2001|2001|LOGAN, UT-ID|12|230,633,217|26|835,299|2,136.9239
06-30-2001|2001|LONGVIEW, TX|28|785,092,970|67|2,478,866|680.3514
06-30-2001|2001|LONGVIEW, WA|10|758,510,082|22|615,059|1,978.4073
06-30-2001|2001|LOS ANGELES-LONG BEACH-ANAHEIM, CA|171|1,429,598,343|2,094|194,084,411|846.3566
06-30-2001|2001|LOUISVILLE-JEFFERSON COUNTY, KY-IN|51|218,846,410|426|18,865,996|1,189.8335
06-30-2001|2001|Louisville/Jefferson County, KY-IN|0|-|-|-|-
06-30-2001|2001|LUBBOCK, TX|21|590,369,735|77|3,153,636|1,296.5279
06-30-2001|2001|LYNCHBURG, VA|17|977,253,221|86|2,898,658|1,658.5645
06-30-2001|2001|MACON, GA|17|795,862,060|63|2,571,680|1,264.2862
06-30-2001|2001|Macon-Bibb County, GA|0|-|-|-|-
06-30-2001|2001|MADERA, CA|14|1,045,817,377|23|693,923|1,290.6047
06-30-2001|2001|MADISON, WI|51|142,870,574|210|8,565,516|718.3609
06-30-2001|2001|MANCHESTER-NASHUA, NH|14|317,900,666|102|4,740,292|2,449.7073
06-30-2001|2001|MANHATTAN, KS|20|24,205,761|31|1,182,825|1,053.0030
06-30-2001|2001|Mankato, MN|0|-|-|-|-
06-30-2001|2001|MANKATO-NORTH MANKATO, MN|21|145,684,923|38|1,233,243|909.5298
06-30-2001|2001|MANSFIELD, OH|12|271,247,297|45|1,456,499|1,449.8436
06-30-2001|2001|MAYAGÜEZ, PR|10|443,973,036|31|2,359,678|5,035.2612
06-30-2001|2001|MCALLEN-EDINBURG-MISSION, TX|18|1,019,743,629|97|4,987,586|1,436.6280
06-30-2001|2001|MEDFORD, OR|12|779,974,656|66|1,660,864|1,168.1920
06-30-2001|2001|MEMPHIS, TN-MS-AR|54|777,046,850|362|18,941,407|1,735.5454
06-30-2001|2001|MERCED, CA|12|995,862,948|29|1,201,574|1,990.0593
06-30-2001|2001|Miami-Fort Lauderdale-Pompano Beach, FL|0|-|-|-|-
06-30-2001|2001|MIAMI-FORT LAUDERDALE-WEST PALM BEACH, FL|116|1,788,294,993|1,401|91,340,213|802.6958
06-30-2001|2001|MICHIGAN CITY-LA PORTE, IN|11|74,400,773|35|1,125,552|1,692.2063
06-30-2001|2001|MIDLAND, MI|8|98,129,837|25|791,464|3,655.7185
06-30-2001|2001|MIDLAND, TX|11|919,013,309|34|1,747,408|1,768.4330
06-30-2001|2001|Milwaukee-Waukesha, WI|0|-|-|-|-
06-30-2001|2001|MILWAUKEE-WAUKESHA-WEST ALLIS, WI|63|250,390,019|543|28,797,066|1,167.7506
06-30-2001|2001|MINNEAPOLIS-ST. PAUL-BLOOMINGTON, MN-WI|192|405,070,869|731|46,963,604|1,653.8538
06-30-2001|2001|MISSOULA, MT|12|9,052,200|29|1,068,576|1,769.0193
06-30-2001|2001|MOBILE, AL|13|202,045,016|103|4,158,494|2,298.3107
06-30-2001|2001|MODESTO, CA|23|1,157,361,427|95|4,162,715|911.6188
06-30-2001|2001|MONROE, LA|14|251,258,121|67|2,036,293|1,441.2261
06-30-2001|2001|MONROE, MI|8|194,094,977|44|1,615,640|4,412.4572
06-30-2001|2001|MONTGOMERY, AL|18|213,005,121|108|3,747,072|1,502.3774
06-30-2001|2001|MORGANTOWN, WV|9|86,762,686|38|1,306,190|1,898.8375
06-30-2001|2001|MORRISTOWN, TN|11|233,603,082|29|1,098,238|1,379.2878
06-30-2001|2001|MOUNT VERNON-ANACORTES, WA|14|791,144,467|48|1,271,339|1,262.2648
06-30-2001|2001|MUNCIE, IN|6|26,088,606|43|1,387,378|2,682.4544
06-30-2001|2001|MUSKEGON, MI|11|133,365,032|44|1,208,566|1,747.0102
06-30-2001|2001|MYRTLE BEACH-CONWAY-NORTH MYRTLE BEACH, SC-NC|23|953,611,583|129|3,778,510|830.0536
06-30-2001|2001|NAPA, CA|15|1,103,289,721|39|1,734,290|1,188.2830
06-30-2001|2001|NAPLES-IMMOKALEE-MARCO ISLAND, FL|31|1,172,241,452|114|5,153,782|1,105.9740
06-30-2001|2001|Naples-Marco Island, FL|0|-|-|-|-
06-30-2001|2001|Nashville-Davidson--Murfreesboro--Franklin, TN|0|-|-|-|-
06-30-2001|2001|NASHVILLE-DAVIDSON-MURFREESBORO-FRANKLIN, TN|49|933,106,341|442|18,478,966|988.9133
06-30-2001|2001|NEW BERN, NC|9|718,239,258|28|957,435|2,360.8023
06-30-2001|2001|NEW HAVEN-MILFORD, CT|25|910,237,064|262|12,521,965|1,079.3965
06-30-2001|2001|NEW ORLEANS-METAIRIE, LA|40|287,736,128|356|17,323,741|1,601.9478
06-30-2001|2001|NEW YORK-NEWARK-JERSEY CITY, NY-NJ-PA|278|3,111,260,458|4,932|525,019,662|743.1319
06-30-2001|2001|Niles, MI|0|-|-|-|-
06-30-2001|2001|NILES-BENTON HARBOR, MI|11|125,064,953|66|1,908,328|2,339.2703
06-30-2001|2001|NORTH PORT-SARASOTA-BRADENTON, FL|45|1,383,375,533|249|10,067,525|951.7381
06-30-2001|2001|NORWICH-NEW LONDON, CT|13|227,091,192|87|3,179,555|1,473.0367
06-30-2001|2001|OCALA, FL|20|1,121,268,542|76|2,732,180|1,241.1831
06-30-2001|2001|OCEAN CITY, NJ|13|491,181,184|61|1,888,854|1,117.4693
06-30-2001|2001|ODESSA, TX|11|732,712,215|24|1,114,233|1,381.8101
06-30-2001|2001|OGDEN-CLEARFIELD, UT|20|239,407,773|106|2,870,732|1,842.4043
06-30-2001|2001|OKLAHOMA CITY, OK|71|616,572,830|326|11,582,605|555.8208
06-30-2001|2001|Olympia-Lacey-Tumwater, WA|0|-|-|-|-
06-30-2001|2001|OLYMPIA-TUMWATER, WA|18|795,647,147|61|1,593,860|1,033.1343
06-30-2001|2001|OMAHA-COUNCIL BLUFFS, NE-IA|73|251,885,990|279|11,237,013|1,281.4207
06-30-2001|2001|ORLANDO-KISSIMMEE-SANFORD, FL|49|1,335,504,835|439|18,391,448|1,316.9051
06-30-2001|2001|OSHKOSH-NEENAH, WI|14|131,755,141|42|1,549,048|1,211.0686
06-30-2001|2001|OWENSBORO, KY|16|141,556,835|60|1,570,896|1,064.2624
06-30-2001|2001|OXNARD-THOUSAND OAKS-VENTURA, CA|28|1,091,038,403|128|7,934,198|1,192.5145
06-30-2001|2001|PALM BAY-MELBOURNE-TITUSVILLE, FL|23|1,281,614,849|126|4,677,380|1,254.4662
06-30-2001|2001|PANAMA CITY, FL|13|230,428,063|49|1,581,391|1,410.8762
06-30-2001|2001|PARKERSBURG-VIENNA, WV|13|149,989,507|34|1,174,698|2,187.9111
06-30-2001|2001|PENSACOLA-FERRY PASS-BRENT, FL|23|1,145,202,480|107|3,323,013|904.2898
06-30-2001|2001|PEORIA, IL|47|78,863,670|151|4,518,936|556.4103
06-30-2001|2001|PHILADELPHIA-CAMDEN-WILMINGTON, PA-NJ-DE-MD|171|1,137,822,163|1,794|132,528,531|755.3814
06-30-2001|2001|Phoenix-Mesa-Chandler, AZ|0|-|-|-|-
06-30-2001|2001|PHOENIX-MESA-SCOTTSDALE, AZ|55|1,224,579,817|583|34,149,431|1,792.1388
06-30-2001|2001|PINE BLUFF, AR|8|565,277,435|33|949,205|3,623.0344
06-30-2001|2001|PITTSBURGH, PA|76|155,043,508|859|45,116,977|1,458.6597
06-30-2001|2001|PITTSFIELD, MA|12|9,204,552|55|2,295,321|1,625.0261
06-30-2001|2001|POCATELLO, ID|11|793,329,579|25|430,034|1,978.5183
06-30-2001|2001|PONCE, PR|12|444,592,287|47|1,418,605|1,996.0210
06-30-2001|2001|PORT ST. LUCIE, FL|19|1,290,904,885|112|4,301,684|1,147.4880
06-30-2001|2001|PORTLAND-SOUTH PORTLAND, ME|22|277,524,110|181|5,834,190|1,371.9529
06-30-2001|2001|PORTLAND-VANCOUVER-HILLSBORO, OR-WA|39|1,041,081,539|490|17,636,741|1,504.8533
06-30-2001|2001|Poughkeepsie-Newburgh-Middletown, NY|0|-|-|-|-
06-30-2001|2001|Prescott Valley-Prescott, AZ|0|-|-|-|-
06-30-2001|2001|PRESCOTT, AZ|10|688,472,324|45|1,706,376|1,767.9832
06-30-2001|2001|PROVIDENCE-WARWICK, RI-MA|36|272,287,664|375|21,042,633|1,503.2030
06-30-2001|2001|PROVO-OREM, UT|15|225,056,466|81|2,119,728|2,033.0243
06-30-2001|2001|PUEBLO, CO|11|160,730,507|29|1,149,366|1,706.6612
06-30-2001|2001|PUNTA GORDA, FL|15|1,062,030,913|48|2,211,854|1,476.1885
06-30-2001|2001|RACINE, WI|16|141,683,458|64|2,220,187|1,161.6754
06-30-2001|2001|RALEIGH, NC|24|1,057,170,360|253|8,990,257|1,183.9587
06-30-2001|2001|Raleigh-Cary, NC|0|-|-|-|-
06-30-2001|2001|RAPID CITY, SD|13|90,785,222|30|1,260,081|1,422.9663
06-30-2001|2001|READING, PA|21|576,268,587|132|5,177,457|1,132.9437
06-30-2001|2001|REDDING, CA|13|996,525,894|38|1,574,746|1,301.6512
06-30-2001|2001|RENO, NV|14|865,443,699|74|3,696,003|1,965.3508
06-30-2001|2001|RICHMOND, VA|36|1,048,036,998|337|19,373,626|1,275.2077
06-30-2001|2001|RIVERSIDE-SAN BERNARDINO-ONTARIO, CA|61|1,203,931,682|439|22,868,070|911.3757
06-30-2001|2001|ROANOKE, VA|19|984,267,632|132|4,102,566|1,057.7877
06-30-2001|2001|ROCHESTER, MN|36|143,640,124|77|2,141,113|720.5854
06-30-2001|2001|ROCHESTER, NY|23|916,427,590|273|13,946,297|1,385.6551
06-30-2001|2001|ROCKFORD, IL|24|236,252,660|91|4,278,944|1,454.3810
06-30-2001|2001|ROCKY MOUNT, NC|11|371,432,208|44|1,392,018|2,228.7923
06-30-2001|2001|ROME, GA|8|415,068,345|25|1,027,589|1,458.8959
06-30-2001|2001|Sacramento--Roseville--Arden-Arcade, CA|0|-|-|-|-
06-30-2001|2001|SACRAMENTO-ROSEVILLE-ARDEN-ARCADE, CA|41|1,238,501,321|330|18,185,449|1,012.1342
06-30-2001|2001|Sacramento-Roseville-Folsom, CA|0|-|-|-|-
06-30-2001|2001|SAGINAW, MI|15|130,851,724|69|1,722,888|1,556.7821
06-30-2001|2001|SALEM, OR|18|802,775,614|96|2,771,908|1,333.5700
06-30-2001|2001|SALINAS, CA|14|1,061,391,550|71|4,474,913|1,377.2818
06-30-2001|2001|SALISBURY, MD-DE|28|728,520,902|145|17,191,759|6,350.6122
06-30-2001|2001|SALT LAKE CITY, UT|48|1,017,605,183|244|72,795,679|5,764.1935
06-30-2001|2001|SAN ANGELO, TX|15|589,496,829|28|997,284|1,550.2009
06-30-2001|2001|SAN ANTONIO-NEW BRAUNFELS, TX|58|1,506,854,614|295|20,993,360|1,947.8412
06-30-2001|2001|SAN DIEGO-CARLSBAD, CA|61|1,255,656,555|510|30,395,988|1,084.2650
06-30-2001|2001|San Diego-Chula Vista-Carlsbad, CA|0|-|-|-|-
06-30-2001|2001|San Francisco-Oakland-Berkeley, CA|0|-|-|-|-
06-30-2001|2001|SAN FRANCISCO-OAKLAND-HAYWARD, CA|97|1,405,456,197|978|111,067,538|1,436.6052
06-30-2001|2001|SAN GERMÁN, PR|5|42,146,623|16|539,143|4,557.7484
06-30-2001|2001|SAN JOSE-SUNNYVALE-SANTA CLARA, CA|59|1,267,748,538|331|37,624,519|914.6075
06-30-2001|2001|San Juan-Bayamon-Caguas, PR|0|-|-|-|-
06-30-2001|2001|SAN JUAN-CAROLINA-CAGUAS, PR|13|446,757,786|359|27,097,729|1,617.8107
06-30-2001|2001|San Luis Obispo-Paso Robles, CA|0|-|-|-|-
06-30-2001|2001|SAN LUIS OBISPO-PASO ROBLES-ARROYO GRANDE, CA|16|991,533,927|72|3,077,442|1,374.4416
06-30-2001|2001|SANTA CRUZ-WATSONVILLE, CA|14|1,029,753,585|48|2,758,594|1,226.2883
06-30-2001|2001|SANTA FE, NM|11|572,487,201|36|1,285,538|1,407.8325
06-30-2001|2001|SANTA MARIA-SANTA BARBARA, CA|21|1,061,447,242|93|5,727,730|1,333.4623
06-30-2001|2001|SANTA ROSA, CA|20|1,032,427,274|113|6,975,241|874.3862
06-30-2001|2001|Santa Rosa-Petaluma, CA|0|-|-|-|-
06-30-2001|2001|SAVANNAH, GA|17|1,010,064,144|85|3,077,377|1,430.0641
06-30-2001|2001|Scranton--Wilkes-Barre, PA|0|-|-|-|-
06-30-2001|2001|Scranton--Wilkes-Barre--Hazleton, PA|0|-|-|-|-
06-30-2001|2001|SCRANTON-WILKES-BARRE-HAZLETON, PA|28|561,057,502|233|8,385,054|992.5605
06-30-2001|2001|SEATTLE-TACOMA-BELLEVUE, WA|67|1,043,672,860|845|40,729,943|1,385.4143
06-30-2001|2001|SEBASTIAN-VERO BEACH, FL|19|1,282,886,628|60|2,319,647|1,107.9601
06-30-2001|2001|SEBRING, FL|9|918,373,959|30|1,038,032|1,706.2790
06-30-2001|2001|Sebring-Avon Park, FL|0|-|-|-|-
06-30-2001|2001|SHEBOYGAN, WI|16|120,592,293|37|1,387,758|1,138.3943
06-30-2001|2001|SHERMAN-DENISON, TX|15|710,674,695|37|1,309,537|1,955.0969
06-30-2001|2001|SHREVEPORT-BOSSIER CITY, LA|20|250,446,721|114|3,916,493|1,788.3011
06-30-2001|2001|SIERRA VISTA-DOUGLAS, AZ|8|625,090,661|23|637,907|1,917.2655
06-30-2001|2001|SIOUX CITY, IA-NE-SD|40|674,332,941|77|2,428,811|786.4710
06-30-2001|2001|SIOUX FALLS, SD|33|115,873,174|112|7,073,048|2,569.6900
06-30-2001|2001|SOUTH BEND-MISHAWAKA, IN-MI|16|215,627,993|88|3,496,187|2,863.5793
06-30-2001|2001|SPARTANBURG, SC|19|744,391,400|87|2,633,226|932.0759
06-30-2001|2001|SPOKANE-SPOKANE VALLEY, WA|20|910,783,682|121|3,958,410|1,465.0943
06-30-2001|2001|SPRINGFIELD, IL|31|138,997,280|84|3,722,391|892.1736
06-30-2001|2001|SPRINGFIELD, MA|19|272,229,943|179|7,890,978|970.0430
06-30-2001|2001|SPRINGFIELD, MO|42|710,900,307|162|4,623,014|613.5833
06-30-2001|2001|SPRINGFIELD, OH|11|271,370,823|37|1,363,918|1,631.3675
06-30-2001|2001|ST. CLOUD, MN|31|142,425,122|62|2,359,064|906.3492
06-30-2001|2001|ST. GEORGE, UT|11|146,550,117|32|809,300|2,438.4403
06-30-2001|2001|ST. JOSEPH, MO-KS|27|26,806,835|59|1,560,618|954.9303
06-30-2001|2001|ST. LOUIS, MO-IL|137|909,601,545|800|38,326,343|758.9177
06-30-2001|2001|STATE COLLEGE, PA|13|174,084,923|60|1,458,001|1,551.3539
06-30-2001|2001|Staunton, VA|0|-|-|-|-
06-30-2001|2001|STAUNTON-WAYNESBORO, VA|12|748,202,979|41|1,018,810|1,823.8605
06-30-2001|2001|Stockton, CA|0|-|-|-|-
06-30-2001|2001|STOCKTON-LODI, CA|27|1,174,959,647|105|10,205,107|2,788.6092
06-30-2001|2001|SUMTER, SC|8|642,386,249|17|630,243|2,017.5114
06-30-2001|2001|SYRACUSE, NY|21|836,979,282|189|7,195,690|1,076.0935
06-30-2001|2001|TALLAHASSEE, FL|15|980,018,817|86|3,158,842|1,161.0999
06-30-2001|2001|TAMPA-ST. PETERSBURG-CLEARWATER, FL|65|1,288,154,648|689|32,764,166|1,145.8046
06-30-2002|2002|ABILENE, TX|17|752,340,589|48|1,591,193|1,862.5525
06-30-2002|2002|AGUADILLA-ISABELA, PR|7|55,651,206|36|1,017,297|3,317.9208
06-30-2002|2002|AKRON, OH|27|480,683,874|222|9,176,627|1,346.8239
06-30-2002|2002|ALBANY, GA|17|712,131,501|48|1,514,974|1,047.9429
06-30-2002|2002|ALBANY, OR|10|860,712,106|28|720,894|1,640.1660
06-30-2002|2002|Albany-Lebanon, OR|0|-|-|-|-
06-30-2002|2002|ALBANY-SCHENECTADY-TROY, NY|25|1,022,709,342|301|13,518,811|1,253.8165
06-30-2002|2002|ALBUQUERQUE, NM|23|621,116,127|170|6,312,986|1,806.1128
06-30-2002|2002|ALEXANDRIA, LA|15|246,193,217|58|1,328,151|1,623.0547
06-30-2002|2002|ALLENTOWN-BETHLEHEM-EASTON, PA-NJ|38|970,411,376|280|10,414,525|888.7394
06-30-2002|2002|ALTOONA, PA|10|58,586,523|62|1,681,255|1,781.9105
06-30-2002|2002|AMARILLO, TX|18|840,356,999|59|2,600,468|1,994.0857
06-30-2002|2002|AMES, IA|17|190,690,015|38|1,097,114|1,212.8910
06-30-2002|2002|ANCHORAGE, AK|5|78,568,298|49|2,527,144|3,052.0018
06-30-2002|2002|ANN ARBOR, MI|17|423,591,847|94|3,944,332|1,010.2400
06-30-2002|2002|Anniston-Oxford, AL|0|-|-|-|-
06-30-2002|2002|ANNISTON-OXFORD-JACKSONVILLE, AL|9|225,442,470|31|1,244,325|1,558.4864
06-30-2002|2002|APPLETON, WI|29|231,287,435|81|2,715,865|835.4628
06-30-2002|2002|ARECIBO, PR|10|549,592,781|22|607,905|2,144.0465
06-30-2002|2002|ASHEVILLE, NC|17|975,156,595|113|4,671,007|1,352.2391
06-30-2002|2002|ATHENS-CLARKE COUNTY, GA|16|1,122,039,995|63|2,006,010|1,215.6993
06-30-2002|2002|Atlanta-Sandy Springs-Alpharetta, GA|0|-|-|-|-
06-30-2002|2002|ATLANTA-SANDY SPRINGS-ROSWELL, GA|131|1,604,311,028|1,173|63,817,601|1,123.5771
06-30-2002|2002|ATLANTIC CITY-HAMMONTON, NJ|17|582,259,180|81|3,050,782|1,360.6488
06-30-2002|2002|AUBURN-OPELIKA, AL|12|180,010,617|33|1,162,741|1,673.1279
06-30-2002|2002|AUGUSTA-RICHMOND COUNTY, GA-SC|20|1,076,953,705|142|4,633,401|1,246.9896
06-30-2002|2002|AUSTIN-ROUND ROCK, TX|56|1,774,972,730|285|12,024,123|980.3469
06-30-2002|2002|Austin-Round Rock-Georgetown, TX|0|-|-|-|-
06-30-2002|2002|BAKERSFIELD, CA|22|1,078,291,287|92|3,752,290|1,399.3652
06-30-2002|2002|BALTIMORE-COLUMBIA-TOWSON, MD|93|1,120,868,494|795|35,088,388|852.0516
06-30-2002|2002|BANGOR, ME|10|275,115,151|54|1,377,977|2,101.5932
06-30-2002|2002|BARNSTABLE TOWN, MA|12|207,707,403|116|4,871,357|1,314.8893
06-30-2002|2002|BATON ROUGE, LA|39|328,155,421|221|8,145,937|1,608.7168
06-30-2002|2002|BATTLE CREEK, MI|14|332,527,423|44|956,007|1,042.6943
06-30-2002|2002|BAY CITY, MI|7|80,353,482|36|1,058,300|2,115.4895
06-30-2002|2002|BEAUMONT-PORT ARTHUR, TX|17|1,084,424,866|83|3,735,703|1,127.8498
06-30-2002|2002|BECKLEY, WV|10|67,553,473|38|1,435,492|2,007.1454
06-30-2002|2002|BELLINGHAM, WA|14|848,675,008|62|2,037,535|1,253.1473
06-30-2002|2002|Bend, OR|0|-|-|-|-
06-30-2002|2002|BEND-REDMOND, OR|11|787,852,228|43|1,328,556|1,734.3344
06-30-2002|2002|BILLINGS, MT|13|174,899,560|47|1,673,473|1,558.0488
06-30-2002|2002|BINGHAMTON, NY|10|747,184,568|66|2,504,790|2,698.6712
06-30-2002|2002|BIRMINGHAM-HOOVER, AL|36|189,545,359|308|17,372,755|1,124.9482
06-30-2002|2002|BISMARCK, ND|12|171,377,502|38|1,440,660|1,429.7756
06-30-2002|2002|Blacksburg-Christiansburg, VA|0|-|-|-|-
06-30-2002|2002|BLACKSBURG-CHRISTIANSBURG-RADFORD, VA|11|1,003,247,308|64|1,818,943|1,463.0152
06-30-2002|2002|BLOOMINGTON, IL|31|231,773,004|67|4,455,828|3,130.0829
06-30-2002|2002|BLOOMINGTON, IN|13|140,494,546|48|1,368,428|1,302.6323
06-30-2002|2002|BLOOMSBURG-BERWICK, PA|10|131,180,079|43|1,069,178|1,467.6258
06-30-2002|2002|BOISE CITY, ID|20|1,045,273,857|155|4,463,614|1,549.6311
06-30-2002|2002|BOSTON-CAMBRIDGE-NEWTON, MA-NH|175|424,827,395|1,397|125,388,887|983.4422
06-30-2002|2002|BOULDER, CO|28|378,717,493|86|3,971,584|845.1941
06-30-2002|2002|BOWLING GREEN, KY|16|184,227,839|53|1,399,788|929.7791
06-30-2002|2002|BREMERTON-SILVERDALE, WA|15|867,816,634|65|1,671,079|1,302.9154
06-30-2002|2002|Bremerton-Silverdale-Port Orchard, WA|0|-|-|-|-
06-30-2002|2002|BRIDGEPORT-STAMFORD-NORWALK, CT|28|1,210,296,076|320|19,798,513|1,273.9776
06-30-2002|2002|BROWNSVILLE-HARLINGEN, TX|14|1,186,438,467|61|2,801,379|1,500.9718
06-30-2002|2002|BRUNSWICK, GA|10|726,720,190|37|1,142,179|1,408.5030
06-30-2002|2002|Buffalo-Cheektowaga, NY|0|-|-|-|-
06-30-2002|2002|BUFFALO-CHEEKTOWAGA-NIAGARA FALLS, NY|20|1,502,587,556|266|22,029,541|2,291.1959
06-30-2002|2002|BURLINGTON, NC|13|959,544,039|46|1,837,697|1,342.7043
06-30-2002|2002|BURLINGTON-SOUTH BURLINGTON, VT|8|137,604,682|67|2,833,339|2,451.8164
06-30-2002|2002|CALIFORNIA-LEXINGTON PARK, MD|9|696,853,001|23|701,951|2,585.9982
06-30-2002|2002|CANTON-MASSILLON, OH|21|404,339,912|123|4,726,218|1,425.8246
06-30-2002|2002|CAPE CORAL-FORT MYERS, FL|30|1,339,106,838|165|6,706,129|1,158.7084
06-30-2002|2002|CAPE GIRARDEAU, MO-IL|13|773,686,969|38|1,205,653|1,236.8252
06-30-2002|2002|CARBONDALE-MARION, IL|20|223,370,374|51|1,475,808|824.9425
06-30-2002|2002|CARSON CITY, NV|11|836,714,983|18|792,417|1,372.8378
06-30-2002|2002|CASPER, WY|6|179,369,809|17|1,850,801|4,742.8429
06-30-2002|2002|CEDAR RAPIDS, IA|41|225,461,450|105|3,294,597|927.3721
06-30-2002|2002|CHAMBERSBURG-WAYNESBORO, PA|10|52,697,114|58|1,381,309|1,528.6954
06-30-2002|2002|CHAMPAIGN-URBANA, IL|40|252,421,611|95|3,582,970|1,085.1000
06-30-2002|2002|CHARLESTON, WV|15|116,240,778|77|3,512,944|2,009.4817
06-30-2002|2002|CHARLESTON-NORTH CHARLESTON, SC|21|990,532,493|153|4,921,916|1,290.6627
06-30-2002|2002|CHARLOTTE-CONCORD-GASTONIA, NC-SC|44|1,088,185,776|503|47,230,317|3,028.4201
06-30-2002|2002|CHARLOTTESVILLE, VA|14|993,754,365|69|2,210,788|1,655.7765
06-30-2002|2002|CHATTANOOGA, TN-GA|26|872,001,841|152|5,432,557|1,320.1789
06-30-2002|2002|CHEYENNE, WY|13|179,840,034|24|740,700|1,251.9586
06-30-2002|2002|CHICAGO-NAPERVILLE-ELGIN, IL-IN-WI|351|1,503,315,810|2,428|210,645,543|461.4606
06-30-2002|2002|CHICO, CA|13|1,197,956,687|46|2,218,608|1,314.0590
06-30-2002|2002|CINCINNATI, OH-KY-IN|96|512,545,306|756|38,809,123|1,380.4334
06-30-2002|2002|CLARKSVILLE, TN-KY|17|880,067,741|70|1,949,545|892.9308
06-30-2002|2002|CLEVELAND, TN|11|253,946,627|41|1,113,796|1,282.6832
06-30-2002|2002|CLEVELAND-ELYRIA, OH|47|523,530,305|696|55,117,254|1,186.6054
06-30-2002|2002|COEUR DALENE, ID|12|757,853,176|35|1,028,821|1,432.1725
06-30-2002|2002|Coeur dAlene, ID|0|-|-|-|-
06-30-2002|2002|COLLEGE STATION-BRYAN, TX|17|859,001,105|49|1,953,654|1,340.3661
06-30-2002|2002|COLORADO SPRINGS, CO|37|355,843,988|120|4,095,846|902.9516
06-30-2002|2002|COLUMBIA, MO|14|780,446,574|51|1,641,677|2,181.1838
06-30-2002|2002|COLUMBIA, SC|20|996,214,575|180|7,669,927|1,627.6273
06-30-2002|2002|COLUMBUS, GA-AL|15|517,519,145|78|3,633,893|3,283.9105
06-30-2002|2002|COLUMBUS, IN|8|46,894,090|26|1,876,489|6,081.0940
06-30-2002|2002|COLUMBUS, OH|63|469,433,806|473|24,920,222|1,311.2681
06-30-2002|2002|CORPUS CHRISTI, TX|21|609,856,074|97|3,215,644|1,075.7786
06-30-2002|2002|CORVALLIS, OR|8|787,726,365|16|590,087|1,742.2817
06-30-2002|2002|CRESTVIEW-FORT WALTON BEACH-DESTIN, FL|20|1,133,966,841|91|2,562,368|779.2284
06-30-2002|2002|CUMBERLAND, MD-WV|8|93,042,271|36|869,460|2,328.4517
06-30-2002|2002|DALLAS-FORT WORTH-ARLINGTON, TX|163|1,880,253,826|1,198|65,757,811|909.4657
06-30-2002|2002|DALTON, GA|15|1,178,405,310|37|1,589,681|1,353.7524
06-30-2002|2002|DANVILLE, IL|17|17,655,540|38|971,105|1,269.6746
06-30-2002|2002|DAPHNE-FAIRHOPE-FOLEY, AL|13|206,902,811|69|1,837,442|1,417.0453
06-30-2002|2002|DAVENPORT-MOLINE-ROCK ISLAND, IA-IL|46|225,215,813|144|5,601,223|528.8107
06-30-2002|2002|DAYTON, OH|26|438,123,519|245|8,989,440|1,460.6353
06-30-2002|2002|Dayton-Kettering, OH|0|-|-|-|-
06-30-2002|2002|DECATUR, AL|16|203,736,080|48|1,557,835|999.6988
06-30-2002|2002|DECATUR, IL|16|54,289,540|47|1,640,168|2,046.9688
06-30-2002|2002|DELTONA-DAYTONA BEACH-ORMOND BEACH, FL|25|1,379,709,300|157|6,717,096|1,517.5301
06-30-2002|2002|DENVER-AURORA-LAKEWOOD, CO|92|556,215,556|560|30,570,782|815.1067
06-30-2002|2002|DES MOINES-WEST DES MOINES, IA|45|791,365,991|178|9,711,464|1,299.6709
06-30-2002|2002|DETROIT-WARREN-DEARBORN, MI|57|484,232,156|1,028|70,597,335|1,629.9749
06-30-2002|2002|DOTHAN, AL|20|169,861,483|50|1,790,689|1,186.5983
06-30-2002|2002|DOVER, DE|10|16,677,741|31|1,134,520|2,051.4325
06-30-2002|2002|DUBUQUE, IA|10|169,694,591|32|1,428,694|2,425.4092
06-30-2002|2002|DULUTH, MN-WI|34|267,012,183|94|2,682,836|1,075.6396
06-30-2002|2002|DURHAM-CHAPEL HILL, NC|19|972,457,049|129|4,962,856|1,999.9447
06-30-2002|2002|EAST STROUDSBURG, PA|15|418,029,583|54|1,522,395|1,496.9757
06-30-2002|2002|EAU CLAIRE, WI|21|217,592,739|58|1,689,983|805.0331
06-30-2002|2002|EL CENTRO, CA|6|976,309,987|16|1,161,081|2,436.0248
06-30-2002|2002|EL PASO, TX|14|1,170,352,170|68|3,863,976|2,005.9120
06-30-2002|2002|ELIZABETHTOWN-FORT KNOX, KY|18|236,848,293|54|1,431,767|1,031.1281
06-30-2002|2002|ELKHART-GOSHEN, IN|15|191,306,940|58|1,713,497|1,759.1786
06-30-2002|2002|ELMIRA, NY|9|703,725,034|24|1,085,202|1,995.5338
06-30-2002|2002|Enid, OK|0|-|-|-|-
06-30-2002|2002|ERIE, PA|9|108,743,817|88|2,895,278|1,731.4848
06-30-2002|2002|EUGENE, OR|16|1,045,608,023|89|2,598,592|1,010.2284
06-30-2002|2002|Eugene-Springfield, OR|0|-|-|-|-
06-30-2002|2002|EVANSVILLE, IN-KY|16|221,672,404|92|4,244,210|2,892.6937
06-30-2002|2002|FAIRBANKS, AK|6|78,857,430|16|647,927|1,904.7983
06-30-2002|2002|FARGO, ND-MN|30|236,708,142|81|3,771,000|1,363.8086
06-30-2002|2002|FARMINGTON, NM|7|570,138,871|23|758,000|3,046.9868
06-30-2002|2002|FAYETTEVILLE, NC|13|950,411,921|64|1,877,602|1,917.2154
06-30-2002|2002|Fayetteville-Springdale-Rogers, AR|0|-|-|-|-
06-30-2002|2002|FAYETTEVILLE-SPRINGDALE-ROGERS, AR-MO|26|783,985,025|152|4,714,079|1,836.6782
06-30-2002|2002|FLAGSTAFF, AZ|8|789,511,930|28|636,834|1,779.2276
06-30-2002|2002|FLINT, MI|12|287,978,111|94|3,522,542|2,299.9507
06-30-2002|2002|FLORENCE, SC|21|897,508,512|72|1,859,116|1,036.1879
06-30-2002|2002|FLORENCE-MUSCLE SHOALS, AL|14|306,098,587|61|1,936,061|1,177.9391
06-30-2002|2002|FOND DU LAC, WI|16|226,227,820|36|1,289,640|1,319.9516
06-30-2002|2002|FORT COLLINS, CO|28|376,194,376|72|3,079,794|1,455.0851
06-30-2002|2002|FORT SMITH, AR-OK|22|231,657,124|100|3,050,522|938.5695
06-30-2002|2002|FORT WAYNE, IN|22|85,397,005|119|4,133,172|1,270.5238
06-30-2002|2002|FRESNO, CA|24|1,180,700,415|140|6,337,415|1,125.9617
06-30-2002|2002|GADSDEN, AL|10|169,068,979|27|1,003,055|1,468.1878
06-30-2002|2002|GAINESVILLE, FL|15|1,044,740,564|62|2,054,314|1,407.0754
06-30-2002|2002|GAINESVILLE, GA|13|1,141,593,217|45|1,897,725|2,008.1902
06-30-2002|2002|GETTYSBURG, PA|6|109,515,094|34|995,296|3,072.1722
06-30-2002|2002|GLENS FALLS, NY|9|401,100,373|46|1,570,130|2,758.8882
06-30-2002|2002|GOLDSBORO, NC|9|948,076,758|31|959,208|2,362.3274
06-30-2002|2002|GRAND FORKS, ND-MN|18|172,213,693|40|1,153,476|1,211.2189
06-30-2002|2002|GRAND ISLAND, NE|25|191,463,004|50|1,372,456|851.5076
06-30-2002|2002|GRAND JUNCTION, CO|17|272,644,658|39|1,289,166|1,141.5932
06-30-2002|2002|Grand Rapids-Kentwood, MI|0|-|-|-|-
06-30-2002|2002|GRAND RAPIDS-WYOMING, MI|43|356,782,719|307|11,554,843|1,409.7061
06-30-2002|2002|GRANTS PASS, OR|12|854,293,288|25|893,174|1,096.0608
06-30-2002|2002|GREAT FALLS, MT|9|174,198,943|23|779,587|1,575.9322
06-30-2002|2002|GREELEY, CO|26|374,329,731|53|1,845,181|928.4369
06-30-2002|2002|GREEN BAY, WI|26|229,993,926|105|4,357,764|1,327.6875
06-30-2002|2002|GREENSBORO-HIGH POINT, NC|29|1,023,477,934|210|8,377,910|1,380.8594
06-30-2002|2002|GREENVILLE, NC|11|969,563,000|40|1,187,557|1,773.3810
06-30-2002|2002|Greenville-Anderson, SC|0|-|-|-|-
06-30-2002|2002|GREENVILLE-ANDERSON-MAULDIN, SC|30|1,011,739,251|255|9,463,097|1,096.4102
06-30-2002|2002|GUAYAMA, PR|5|45,315,052|10|239,126|3,924.2759
06-30-2002|2002|Gulfport-Biloxi, MS|0|-|-|-|-
06-30-2002|2002|GULFPORT-BILOXI-PASCAGOULA, MS|12|139,629,072|113|3,650,894|2,199.1869
06-30-2002|2002|HAGERSTOWN-MARTINSBURG, MD-WV|15|153,641,787|85|2,135,773|1,134.6009
06-30-2002|2002|HAMMOND, LA|13|241,972,430|34|814,123|1,598.4352
06-30-2002|2002|HANFORD-CORCORAN, CA|13|1,126,467,737|18|747,131|1,294.3720
06-30-2002|2002|HARRISBURG-CARLISLE, PA|31|510,062,653|220|7,110,365|875.0705
06-30-2002|2002|HARRISONBURG, VA|15|994,022,205|49|1,290,467|1,232.1581
06-30-2002|2002|Hartford-East Hartford-Middletown, CT|0|-|-|-|-
06-30-2002|2002|HARTFORD-WEST HARTFORD-EAST HARTFORD, CT|36|589,110,474|373|23,017,149|1,580.0313
06-30-2002|2002|HATTIESBURG, MS|15|139,924,159|55|1,494,116|1,609.0543
06-30-2002|2002|HICKORY-LENOIR-MORGANTON, NC|18|972,018,379|100|3,833,896|1,327.2286
06-30-2002|2002|Hilton Head Island-Bluffton, SC|0|-|-|-|-
06-30-2002|2002|HILTON HEAD ISLAND-BLUFFTON-BEAUFORT, SC|16|929,888,783|62|2,172,453|1,022.7785
06-30-2002|2002|HINESVILLE, GA|5|302,215,359|13|234,151|5,246.4848
06-30-2002|2002|HOMOSASSA SPRINGS, FL|12|802,432,779|39|1,600,501|1,261.6212
06-30-2002|2002|HOT SPRINGS, AR|11|776,351,342|46|1,129,272|2,093.5237
06-30-2002|2002|HOUMA-THIBODAUX, LA|14|283,939,240|79|2,264,192|1,720.1267
06-30-2002|2002|HOUSTON-THE WOODLANDS-SUGAR LAND, TX|106|1,891,786,956|1,027|72,419,639|1,339.1100
06-30-2002|2002|HUNTINGTON-ASHLAND, WV-KY-OH|36|376,519,048|134|4,121,289|491.1506
06-30-2002|2002|HUNTSVILLE, AL|14|203,254,302|86|3,926,180|1,219.8608
06-30-2002|2002|IDAHO FALLS, ID|10|868,359,958|33|891,664|1,902.7550
06-30-2002|2002|INDIANAPOLIS-CARMEL-ANDERSON, IN|53|227,259,206|540|21,762,893|1,288.9352
06-30-2002|2002|IOWA CITY, IA|19|222,358,187|47|1,893,184|1,874.0190
06-30-2002|2002|ITHACA, NY|9|295,301,154|31|1,169,149|3,314.3322
06-30-2002|2002|JACKSON, MI|9|96,495,396|50|2,112,957|3,181.1781
06-30-2002|2002|JACKSON, MS|21|139,491,785|192|6,311,755|1,954.2871
06-30-2002|2002|JACKSON, TN|16|101,645,500|59|1,533,725|1,258.6130
06-30-2002|2002|JACKSONVILLE, FL|34|1,104,225,944|250|13,675,449|1,985.2591
06-30-2002|2002|JACKSONVILLE, NC|8|952,833,999|24|611,111|2,299.2236
06-30-2002|2002|JANESVILLE-BELOIT, WI|19|227,695,018|46|1,541,602|1,115.3793
06-30-2002|2002|JEFFERSON CITY, MO|23|223,598,515|58|2,396,260|1,516.4734
06-30-2002|2002|JOHNSON CITY, TN|16|729,188,460|59|2,086,206|979.8125
06-30-2002|2002|JOHNSTOWN, PA|13|14,469,613|86|2,250,439|1,624.0302
06-30-2002|2002|JONESBORO, AR|19|640,049,837|64|1,815,740|989.7221
06-30-2002|2002|JOPLIN, MO|15|753,698,310|77|1,816,249|1,120.1561
06-30-2002|2002|KAHULUI-WAILUKU-LAHAINA, HI|8|29,668,509|38|1,547,018|2,635.4250
06-30-2002|2002|KALAMAZOO-PORTAGE, MI|22|400,314,393|95|2,909,133|1,628.4951
06-30-2002|2002|KANKAKEE, IL|15|22,651,181|37|1,390,765|1,161.3300
06-30-2002|2002|KANSAS CITY, MO-KS|146|937,487,644|670|27,891,168|478.1841
06-30-2002|2002|KENNEWICK-RICHLAND, WA|16|869,137,787|53|1,591,418|1,147.5932
06-30-2002|2002|KILLEEN-TEMPLE, TX|26|854,532,267|70|2,466,883|847.2322
06-30-2002|2002|Kingsport-Bristol, TN-VA|0|-|-|-|-
06-30-2002|2002|KINGSPORT-BRISTOL-BRISTOL, TN-VA|24|1,211,136,390|111|3,540,082|800.1650
06-30-2002|2002|KINGSTON, NY|15|795,068,858|53|1,935,442|1,144.0062
06-30-2002|2002|KNOXVILLE, TN|36|1,354,911,287|261|8,768,360|1,041.0980
06-30-2002|2002|KOKOMO, IN|12|148,351,003|30|815,091|2,107.4055
06-30-2002|2002|LA CROSSE-ONALASKA, WI-MN|22|217,620,417|48|1,880,734|1,463.7697
06-30-2002|2002|LAFAYETTE, LA|35|256,118,400|179|5,011,553|723.9166
06-30-2002|2002|LAFAYETTE-WEST LAFAYETTE, IN|15|81,756,295|62|1,953,597|1,349.4016
06-30-2002|2002|LAKE CHARLES, LA|10|208,770,692|72|1,848,007|1,998.6633
06-30-2002|2002|LAKE HAVASU CITY-KINGMAN, AZ|10|793,266,916|38|1,475,025|1,601.5449
06-30-2002|2002|LAKELAND-WINTER HAVEN, FL|17|1,098,613,726|113|4,125,849|1,599.2625
06-30-2002|2002|LANCASTER, PA|20|663,333,946|194|6,368,893|1,164.5039
06-30-2002|2002|LANSING-EAST LANSING, MI|23|369,976,055|126|4,690,805|888.9110
06-30-2002|2002|LAREDO, TX|6|32,352,906|30|3,901,168|2,897.8408
06-30-2002|2002|LAS CRUCES, NM|16|601,794,085|42|1,030,517|1,503.2487
06-30-2002|2002|LAS VEGAS-HENDERSON-PARADISE, NV|43|1,318,543,105|283|20,708,375|1,464.5206
06-30-2002|2002|LAWRENCE, KS|23|774,436,011|53|1,275,474|1,564.2708
06-30-2002|2002|LAWTON, OK|12|10,806,983|34|853,954|1,571.3986
06-30-2002|2002|LEBANON, PA|9|330,316,076|53|1,405,158|1,981.6685
06-30-2002|2002|LEWISTON, ID-WA|8|765,763,428|21|580,327|1,502.6011
06-30-2002|2002|LEWISTON-AUBURN, ME|11|275,469,079|32|1,020,986|1,804.1380
06-30-2002|2002|LEXINGTON-FAYETTE, KY|32|257,963,094|157|5,492,931|846.1481
06-30-2002|2002|LIMA, OH|12|299,614,761|40|1,613,245|1,405.4050
06-30-2002|2002|LINCOLN, NE|22|191,169,874|116|3,844,177|1,176.1297
06-30-2002|2002|LITTLE ROCK-NORTH LITTLE ROCK-CONWAY, AR|37|797,969,458|268|7,878,592|908.5547
06-30-2002|2002|LOGAN, UT-ID|13|306,598,097|27|860,920|1,996.3679
06-30-2002|2002|LONGVIEW, TX|27|827,457,172|67|2,495,675|774.9576
06-30-2002|2002|LONGVIEW, WA|10|832,466,456|21|584,135|1,683.7397
06-30-2002|2002|LOS ANGELES-LONG BEACH-ANAHEIM, CA|162|1,571,478,406|2,114|210,038,349|850.7827
06-30-2002|2002|LOUISVILLE-JEFFERSON COUNTY, KY-IN|51|304,099,945|426|17,674,963|986.6837
06-30-2002|2002|Louisville/Jefferson County, KY-IN|0|-|-|-|-
06-30-2002|2002|LUBBOCK, TX|21|591,495,538|80|3,413,582|1,309.1362
06-30-2002|2002|LYNCHBURG, VA|16|1,014,898,065|87|3,117,983|1,701.1040
06-30-2002|2002|MACON, GA|17|1,043,753,580|67|2,713,591|1,266.4195
06-30-2002|2002|Macon-Bibb County, GA|0|-|-|-|-
06-30-2002|2002|MADERA, CA|14|1,104,305,255|23|739,920|1,236.0145
06-30-2002|2002|MADISON, WI|51|239,188,878|216|9,301,833|657.7904
06-30-2002|2002|MANCHESTER-NASHUA, NH|14|249,103,478|96|5,368,779|2,633.5626
06-30-2002|2002|MANHATTAN, KS|20|25,539,364|33|1,223,822|1,037.3721
06-30-2002|2002|Mankato, MN|0|-|-|-|-
06-30-2002|2002|MANKATO-NORTH MANKATO, MN|21|248,844,140|39|1,300,859|948.6572
06-30-2002|2002|MANSFIELD, OH|12|370,795,363|46|1,521,433|1,461.8017
06-30-2002|2002|MAYAGÜEZ, PR|11|550,308,140|29|921,374|1,838.1241
06-30-2002|2002|MCALLEN-EDINBURG-MISSION, TX|18|1,192,008,969|97|5,463,923|1,482.0816
06-30-2002|2002|MEDFORD, OR|12|854,510,750|65|1,920,032|1,287.0756
06-30-2002|2002|MEMPHIS, TN-MS-AR|55|792,549,428|365|19,855,741|1,759.9168
06-30-2002|2002|MERCED, CA|12|1,050,080,007|29|1,306,041|2,115.4654
06-30-2002|2002|Miami-Fort Lauderdale-Pompano Beach, FL|0|-|-|-|-
06-30-2002|2002|MIAMI-FORT LAUDERDALE-WEST PALM BEACH, FL|119|2,128,385,338|1,391|101,247,496|844.2467
06-30-2002|2002|MICHIGAN CITY-LA PORTE, IN|11|89,249,283|35|1,156,527|1,677.8233
06-30-2002|2002|MIDLAND, MI|7|106,245,866|25|830,013|4,163.8223
06-30-2002|2002|MIDLAND, TX|14|775,520,670|38|1,729,602|1,668.5015
06-30-2002|2002|Milwaukee-Waukesha, WI|0|-|-|-|-
06-30-2002|2002|MILWAUKEE-WAUKESHA-WEST ALLIS, WI|59|255,512,073|545|31,197,180|1,312.0646
06-30-2002|2002|MINNEAPOLIS-ST. PAUL-BLOOMINGTON, MN-WI|184|452,463,883|752|47,672,208|1,732.5132
06-30-2002|2002|MISSOULA, MT|12|177,367,033|33|1,134,120|2,169.9637
06-30-2002|2002|MOBILE, AL|13|206,742,202|101|4,057,320|2,161.8489
06-30-2002|2002|MODESTO, CA|22|1,308,073,358|94|4,485,500|951.4770
06-30-2002|2002|MONROE, LA|15|294,395,449|69|1,893,257|1,176.6458
06-30-2002|2002|MONROE, MI|8|219,026,914|44|1,612,973|4,206.8259
06-30-2002|2002|MONTGOMERY, AL|19|186,267,810|113|4,008,778|1,565.8498
06-30-2002|2002|MORGANTOWN, WV|9|91,824,588|38|1,361,100|1,766.3292
06-30-2002|2002|MORRISTOWN, TN|11|411,166,678|30|1,106,222|1,361.1004
06-30-2002|2002|MOUNT VERNON-ANACORTES, WA|13|863,937,295|49|1,398,903|1,225.3962
06-30-2002|2002|MUNCIE, IN|7|32,210,986|43|1,434,126|2,758.4585
06-30-2002|2002|MUSKEGON, MI|11|295,110,140|42|1,245,574|1,730.8669
06-30-2002|2002|MYRTLE BEACH-CONWAY-NORTH MYRTLE BEACH, SC-NC|23|968,361,892|133|4,126,671|831.7418
06-30-2002|2002|NAPA, CA|16|1,272,172,776|41|2,009,530|1,200.0760
06-30-2002|2002|NAPLES-IMMOKALEE-MARCO ISLAND, FL|32|1,404,671,336|115|5,844,144|1,009.8775
06-30-2002|2002|Naples-Marco Island, FL|0|-|-|-|-
06-30-2002|2002|Nashville-Davidson--Murfreesboro--Franklin, TN|0|-|-|-|-
06-30-2002|2002|NASHVILLE-DAVIDSON-MURFREESBORO-FRANKLIN, TN|52|1,088,703,138|442|20,325,157|950.2793
06-30-2002|2002|NEW BERN, NC|9|969,166,574|26|964,001|2,413.8221
06-30-2002|2002|NEW HAVEN-MILFORD, CT|25|1,145,317,177|263|13,407,859|1,063.9151
06-30-2002|2002|NEW ORLEANS-METAIRIE, LA|39|329,418,735|358|17,318,187|1,511.0887
06-30-2002|2002|NEW YORK-NEWARK-JERSEY CITY, NY-NJ-PA|272|3,323,719,167|4,982|578,340,555|891.6314
06-30-2002|2002|Niles, MI|0|-|-|-|-
06-30-2002|2002|NILES-BENTON HARBOR, MI|9|280,876,265|62|1,868,184|2,151.4448
06-30-2002|2002|NORTH PORT-SARASOTA-BRADENTON, FL|41|1,578,139,102|240|11,379,663|1,143.0618
06-30-2002|2002|NORWICH-NEW LONDON, CT|13|231,675,744|86|3,347,765|1,468.9545
06-30-2002|2002|OCALA, FL|20|1,203,246,231|74|2,928,964|1,348.2269
06-30-2002|2002|OCEAN CITY, NJ|13|551,044,256|59|2,049,019|1,094.7483
06-30-2002|2002|ODESSA, TX|11|775,513,693|27|1,184,453|1,413.1210
06-30-2002|2002|OGDEN-CLEARFIELD, UT|21|726,783,580|107|2,908,142|1,504.1041
06-30-2002|2002|OKLAHOMA CITY, OK|71|625,275,256|332|12,326,151|587.1893
06-30-2002|2002|Olympia-Lacey-Tumwater, WA|0|-|-|-|-
06-30-2002|2002|OLYMPIA-TUMWATER, WA|19|869,863,254|63|1,808,039|910.8846
06-30-2002|2002|OMAHA-COUNCIL BLUFFS, NE-IA|70|201,207,125|281|11,448,383|1,228.0206
06-30-2002|2002|ORLANDO-KISSIMMEE-SANFORD, FL|48|1,387,396,771|427|20,692,078|1,397.0463
06-30-2002|2002|OSHKOSH-NEENAH, WI|14|226,928,068|42|1,542,682|1,169.7573
06-30-2002|2002|OWENSBORO, KY|16|204,875,876|62|1,656,017|971.7508
06-30-2002|2002|OXNARD-THOUSAND OAKS-VENTURA, CA|27|1,375,656,642|131|8,721,314|1,235.7265
06-30-2002|2002|PALM BAY-MELBOURNE-TITUSVILLE, FL|20|1,306,809,476|126|4,947,118|1,525.5771
06-30-2002|2002|PANAMA CITY, FL|12|240,096,903|47|1,654,120|1,405.4687
06-30-2002|2002|PARKERSBURG-VIENNA, WV|12|91,888,883|33|1,221,111|2,060.8967
06-30-2002|2002|PENSACOLA-FERRY PASS-BRENT, FL|20|1,133,914,961|106|3,396,224|990.4322
06-30-2002|2002|PEORIA, IL|48|80,382,188|152|4,715,283|562.8153
06-30-2002|2002|PHILADELPHIA-CAMDEN-WILMINGTON, PA-NJ-DE-MD|173|1,613,075,363|1,816|146,621,947|658.1176
06-30-2002|2002|Phoenix-Mesa-Chandler, AZ|0|-|-|-|-
06-30-2002|2002|PHOENIX-MESA-SCOTTSDALE, AZ|55|1,492,590,148|594|33,758,272|1,736.2199
06-30-2002|2002|PINE BLUFF, AR|8|563,570,019|35|972,602|3,697.3607
06-30-2002|2002|PITTSBURGH, PA|73|171,043,671|875|48,242,676|1,221.0439
06-30-2002|2002|PITTSFIELD, MA|12|43,658,098|58|2,399,487|1,684.0031
06-30-2002|2002|POCATELLO, ID|11|867,622,993|24|455,194|1,872.0313
06-30-2002|2002|PONCE, PR|13|551,151,222|46|1,532,093|2,003.8593
06-30-2002|2002|PORT ST. LUCIE, FL|17|1,350,935,470|113|4,784,719|1,134.7183
06-30-2002|2002|PORTLAND-SOUTH PORTLAND, ME|22|279,716,469|179|6,156,152|1,287.8388
06-30-2002|2002|PORTLAND-VANCOUVER-HILLSBORO, OR-WA|37|1,092,173,353|492|19,070,153|1,464.0611
06-30-2002|2002|Poughkeepsie-Newburgh-Middletown, NY|0|-|-|-|-
06-30-2002|2002|Prescott Valley-Prescott, AZ|0|-|-|-|-
06-30-2002|2002|PRESCOTT, AZ|10|879,466,582|47|1,980,250|1,775.4230
06-30-2002|2002|PROVIDENCE-WARWICK, RI-MA|37|268,560,113|376|22,509,550|1,511.6110
06-30-2002|2002|PROVO-OREM, UT|15|483,690,204|81|2,287,794|1,921.1385
06-30-2002|2002|PUEBLO, CO|12|257,219,010|32|1,172,825|1,624.5083
06-30-2002|2002|PUNTA GORDA, FL|15|1,120,800,824|51|2,322,851|1,412.6212
06-30-2002|2002|RACINE, WI|17|237,437,581|64|2,365,811|1,206.1892
06-30-2002|2002|RALEIGH, NC|22|1,020,779,397|248|9,743,129|1,623.1548
06-30-2002|2002|Raleigh-Cary, NC|0|-|-|-|-
06-30-2002|2002|RAPID CITY, SD|13|178,577,681|33|1,387,599|1,516.0186
06-30-2002|2002|READING, PA|19|578,415,875|130|5,340,422|1,601.2114
06-30-2002|2002|REDDING, CA|13|1,146,503,603|39|1,696,156|1,292.5585
06-30-2002|2002|RENO, NV|15|981,560,650|74|4,044,990|1,763.3301
06-30-2002|2002|RICHMOND, VA|33|1,065,342,424|361|22,774,578|1,459.3761
06-30-2002|2002|RIVERSIDE-SAN BERNARDINO-ONTARIO, CA|59|1,377,734,305|447|24,883,489|909.3773
06-30-2002|2002|ROANOKE, VA|16|1,014,449,814|132|4,183,228|1,162.6784
06-30-2002|2002|ROCHESTER, MN|36|247,477,428|80|2,108,162|736.1029
06-30-2002|2002|ROCHESTER, NY|23|1,016,847,254|266|16,402,456|1,426.5243
06-30-2002|2002|ROCKFORD, IL|24|301,082,913|91|4,548,765|1,520.3695
06-30-2002|2002|ROCKY MOUNT, NC|10|386,369,526|44|1,347,473|2,158.2099
06-30-2002|2002|ROME, GA|9|510,476,713|26|1,032,651|1,439.7925
06-30-2002|2002|Sacramento--Roseville--Arden-Arcade, CA|0|-|-|-|-
06-30-2002|2002|SACRAMENTO-ROSEVILLE-ARDEN-ARCADE, CA|40|1,365,445,816|324|19,955,904|1,016.4015
06-30-2002|2002|Sacramento-Roseville-Folsom, CA|0|-|-|-|-
06-30-2002|2002|SAGINAW, MI|14|304,341,414|63|1,729,918|1,707.9041
06-30-2002|2002|SALEM, OR|18|890,582,123|92|2,908,603|1,212.8419
06-30-2002|2002|SALINAS, CA|14|1,137,131,140|71|4,830,773|1,400.2709
06-30-2002|2002|SALISBURY, MD-DE|27|733,516,380|143|17,329,126|6,068.9503
06-30-2002|2002|SALT LAKE CITY, UT|49|1,300,569,122|242|75,111,248|5,611.2894
06-30-2002|2002|SAN ANGELO, TX|13|590,521,199|26|1,035,400|1,503.6260
06-30-2002|2002|SAN ANTONIO-NEW BRAUNFELS, TX|59|1,775,450,679|294|22,824,760|2,078.0891
06-30-2002|2002|SAN DIEGO-CARLSBAD, CA|61|1,390,661,410|514|33,643,622|1,076.8764
06-30-2002|2002|San Diego-Chula Vista-Carlsbad, CA|0|-|-|-|-
06-30-2002|2002|San Francisco-Oakland-Berkeley, CA|0|-|-|-|-
06-30-2002|2002|SAN FRANCISCO-OAKLAND-HAYWARD, CA|93|1,531,712,009|978|119,958,070|1,441.5777
06-30-2002|2002|SAN GERMÁN, PR|4|44,787,860|15|560,976|4,678.9980
06-30-2002|2002|SAN JOSE-SUNNYVALE-SANTA CLARA, CA|57|1,430,374,791|329|38,814,859|951.1141
06-30-2002|2002|San Juan-Bayamon-Caguas, PR|0|-|-|-|-
06-30-2002|2002|SAN JUAN-CAROLINA-CAGUAS, PR|12|551,061,927|365|33,811,751|1,513.9534
06-30-2002|2002|San Luis Obispo-Paso Robles, CA|0|-|-|-|-
06-30-2002|2002|SAN LUIS OBISPO-PASO ROBLES-ARROYO GRANDE, CA|14|1,040,975,806|70|3,353,772|1,383.1466
06-30-2002|2002|SANTA CRUZ-WATSONVILLE, CA|13|1,104,051,331|50|3,627,402|1,240.5992
06-30-2002|2002|SANTA FE, NM|10|571,190,369|35|1,428,260|1,629.4771
06-30-2002|2002|SANTA MARIA-SANTA BARBARA, CA|22|1,142,940,866|95|6,303,235|1,260.2388
06-30-2002|2002|SANTA ROSA, CA|20|1,103,644,781|111|7,271,422|868.7633
06-30-2002|2002|Santa Rosa-Petaluma, CA|0|-|-|-|-
06-30-2002|2002|SAVANNAH, GA|16|1,049,908,893|83|3,188,336|1,659.8166
06-30-2002|2002|Scranton--Wilkes-Barre, PA|0|-|-|-|-
06-30-2002|2002|Scranton--Wilkes-Barre--Hazleton, PA|0|-|-|-|-
06-30-2002|2002|SCRANTON-WILKES-BARRE-HAZLETON, PA|28|605,130,765|237|8,763,797|936.1709
06-30-2002|2002|SEATTLE-TACOMA-BELLEVUE, WA|69|1,086,351,728|839|43,650,926|1,398.9177
06-30-2002|2002|SEBASTIAN-VERO BEACH, FL|18|1,378,267,816|58|2,495,063|1,107.0197
06-30-2002|2002|SEBRING, FL|11|972,694,240|32|1,096,032|1,759.2121
06-30-2002|2002|Sebring-Avon Park, FL|0|-|-|-|-
06-30-2002|2002|SHEBOYGAN, WI|17|218,053,274|41|1,434,832|1,090.5240
06-30-2002|2002|SHERMAN-DENISON, TX|15|751,005,832|39|1,321,732|1,914.4440
06-30-2002|2002|SHREVEPORT-BOSSIER CITY, LA|20|293,424,327|113|3,860,692|1,692.3196
06-30-2002|2002|SIERRA VISTA-DOUGLAS, AZ|8|784,493,928|23|728,857|1,977.7947
06-30-2002|2002|SIOUX CITY, IA-NE-SD|41|756,014,197|80|2,520,204|744.7957
06-30-2002|2002|SIOUX FALLS, SD|34|233,121,942|113|5,751,551|1,111.5940
06-30-2002|2002|SOUTH BEND-MISHAWAKA, IN-MI|15|219,489,180|88|3,474,796|2,692.9044
06-30-2002|2002|SPARTANBURG, SC|18|990,026,949|85|2,718,990|1,060.7523
06-30-2002|2002|SPOKANE-SPOKANE VALLEY, WA|20|1,007,637,657|122|4,294,525|1,439.2429
06-30-2002|2002|SPRINGFIELD, IL|32|232,977,590|87|3,967,346|807.6336
06-30-2002|2002|SPRINGFIELD, MA|21|304,121,576|183|8,274,514|881.0134
06-30-2002|2002|SPRINGFIELD, MO|42|787,938,236|168|5,427,895|665.1275
06-30-2002|2002|SPRINGFIELD, OH|11|365,493,803|38|1,406,125|1,656.3333
06-30-2002|2002|ST. CLOUD, MN|31|242,446,913|62|2,423,771|798.1527
06-30-2002|2002|ST. GEORGE, UT|10|226,155,284|33|940,133|2,457.3305
06-30-2002|2002|ST. JOSEPH, MO-KS|27|192,109,977|59|1,591,027|914.2142
06-30-2002|2002|ST. LOUIS, MO-IL|131|813,806,127|809|41,612,434|822.7332
06-30-2002|2002|STATE COLLEGE, PA|13|158,696,817|62|1,444,445|1,435.6065
06-30-2002|2002|Staunton, VA|0|-|-|-|-
06-30-2002|2002|STAUNTON-WAYNESBORO, VA|11|992,683,179|41|1,060,669|1,923.1935
06-30-2002|2002|Stockton, CA|0|-|-|-|-
06-30-2002|2002|STOCKTON-LODI, CA|26|1,322,309,323|106|12,783,826|3,694.6106
06-30-2002|2002|SUMTER, SC|8|876,007,320|18|636,796|2,139.7042
06-30-2002|2002|SYRACUSE, NY|21|997,272,571|184|7,357,232|1,054.8798
06-30-2002|2002|TALLAHASSEE, FL|16|1,061,157,560|85|3,357,176|1,132.2168
06-30-2002|2002|TAMPA-ST. PETERSBURG-CLEARWATER, FL|59|1,265,030,387|672|33,158,887|1,162.9589
